BEGIN_YEARMONTH,BEGIN_DAY,BEGIN_TIME,END_YEARMONTH,END_DAY,END_TIME,EPISODE_ID,EVENT_ID,STATE,STATE_FIPS,YEAR,MONTH_NAME,EVENT_TYPE,CZ_TYPE,CZ_FIPS,CZ_NAME,WFO,BEGIN_DATE_TIME,CZ_TIMEZONE,END_DATE_TIME,INJURIES_DIRECT,INJURIES_INDIRECT,DEATHS_DIRECT,DEATHS_INDIRECT,DAMAGE_PROPERTY,DAMAGE_CROPS,SOURCE,MAGNITUDE,MAGNITUDE_TYPE,FLOOD_CAUSE,CATEGORY,TOR_F_SCALE,TOR_LENGTH,TOR_WIDTH,TOR_OTHER_WFO,TOR_OTHER_CZ_STATE,TOR_OTHER_CZ_FIPS,TOR_OTHER_CZ_NAME,BEGIN_RANGE,BEGIN_AZIMUTH,BEGIN_LOCATION,END_RANGE,END_AZIMUTH,END_LOCATION,BEGIN_LAT,BEGIN_LON,END_LAT,END_LON,EPISODE_NARRATIVE,EVENT_NARRATIVE,DATA_SOURCE
199601,19,1100,199601,19,1300,2403644,5541358,DISTRICT OF COLUMBIA,11,1996,January,Flash Flood,C,1,DISTRICT OF COLUMBIA,LWX,19-JAN-96 11:00:00,EST,19-JAN-96 13:00:00,0,0,0,0,NA,NA,NA,NA,NA,NA,NA,NA,NA,NA,NA,NA,NA,NA,NA,NA,ALL,NA,NA,ALL,NA,NA,NA,NA,"An unusually intense squall line, feeding on an unseasonably warm moist tropical air mass, dumped between 0.8 and 1.2 inches of rain in a two-hour period during the late morning of the 19th.  The rain fell on oversaturated soil, a result of the previous night's rapid snow melt, producing flash floods throughout the city.  During the overnight hours, the remaining water-logged snow pack of 3 to 6 inches was eaten away by strong southeasterly winds which carried low 60s temperatures and near 100 percent relative humidity into the area.Prior to the onset of heavy rain, numerous creeks and streams feeding the Anacostia and Potomac Rivers were near bank full due to the rapid snow melt.  Substantial flash flooding, in the form of overflowed creeks and streams and high standing water due to clogged storm drains, began around 1100EST and continued into the early afternoon.  Rock Creek sustained the most flooding, causing the closure of Beach Drive and the Rock Creek Parkway over much of its route through the city.  The flash flooding also inundated low-lying businesses and residences, and flooded several parking garages in Foggy Bottom and Georgetown.",NA,PDC
199606,18,30,199606,18,200,1014286,5561204,DISTRICT OF COLUMBIA,11,1996,June,Flash Flood,C,1,DISTRICT OF COLUMBIA,LWX,18-JUN-96 00:30:00,EST,18-JUN-96 02:00:00,0,0,0,0,NA,NA,NA,NA,NA,NA,NA,NA,NA,NA,NA,NA,NA,NA,NA,NA,N PORTION,NA,NA,N PORTION,NA,NA,NA,NA,"Intense thunderstorms moved through the northeast half of Washington, causing a few road closures when low-lying areas flooded.  Most notably, flooding was reported on 16th street N.W. at 0030EST, and a bit later on South Capitol St.",NA,PDC
199606,20,2200,199606,20,2300,2040906,5561207,DISTRICT OF COLUMBIA,11,1996,June,Flash Flood,C,1,DISTRICT OF COLUMBIA,LWX,20-JUN-96 22:00:00,EST,20-JUN-96 23:00:00,0,0,0,0,30K,NA,NA,NA,NA,NA,NA,NA,NA,NA,NA,NA,NA,NA,NA,NA,NORTHWEST,NA,NA,NORTHWEST,NA,NA,NA,NA,"A rapidly developing thunderstorm knocked down numerous trees and large limbs in upper Northwest.  Some of the trees fell onto automobiles.  The associated torrential rains flooded Rock Creek and other low-lying areas in Northwest.  Portions of the adjacent parkway were closed for up to 24 hours following the storm, snarling the next morning's and evening's rush.  Potomac Electric Power Co. reported 4500 residents in the District and adjacent Maryland suburbs without power.",NA,PDC
199609,6,1200,199609,6,1800,2049837,5572405,DISTRICT OF COLUMBIA,11,1996,September,Flash Flood,C,1,DISTRICT OF COLUMBIA,LWX,06-SEP-96 12:00:00,EST,06-SEP-96 18:00:00,0,0,0,0,50K,NA,NA,NA,NA,NA,NA,NA,NA,NA,NA,NA,NA,NA,NA,NA,DOWNTOWN,NA,NA,DOWNTOWN,NA,NA,NA,NA,"Feeder bands of torrential tropical rains associated with the remnants of Hurricane Fran produced localized flash flooding and widespread power outages in the metropolitan area.  The heaviest rains fell from the city west, with totals ranging from 1.5 to 3.5 inches.  Minor flash flooding occurred downtown, and Beach Drive was closed for the afternoon as Rock Creek overflowed its banks.",NA,PDC
199611,8,1600,199611,8,1715,2049872,5572790,DISTRICT OF COLUMBIA,11,1996,November,Flash Flood,C,1,DISTRICT OF COLUMBIA,LWX,08-NOV-96 16:00:00,EST,08-NOV-96 17:15:00,0,0,0,0,NA,NA,NA,NA,NA,NA,NA,NA,NA,NA,NA,NA,NA,NA,NA,NA,CITYWIDE,NA,NA,CITYWIDE,NA,NA,NA,NA,"Several roads were briefly closed after torrential rains, associated with a strong cold front, produced scattered flooding across the city.  The westbound lanes of Independence Avenue were closed due to high standing water; Beach Drive was also closed near the Kennedy Center.  High standing water was also reported at the junction of Interstate 295 and South Capitol Street.",NA,PDC
199705,25,2100,199705,25,2259,2062509,5600268,DISTRICT OF COLUMBIA,11,1997,May,Flash Flood,C,1,DISTRICT OF COLUMBIA,LWX,25-MAY-97 21:00:00,EST,25-MAY-97 22:59:00,0,0,0,0,NA,NA,NA,NA,NA,NA,NA,NA,NA,NA,NA,NA,NA,NA,NA,NA,UPPER NORTHWEST,NA,NA,UPPER NORTHWEST,NA,NA,NA,NA,"Tropical moisture, feeding along a south moving cold front, produced training thunderstorms over portions of the Washington metropolitan region during the late evening of the 25th.  In general, between 3 and 4 inches of rain fell throughout the event, with at least 2 inches falling just prior to frontal passage around midnight.  One spotter in upper Northwest reported just over 4 inches of rain prior to midnight.  The rapid accumulation of water brought Rock Creek well out of its banks, with Beach Drive closed through late morning on the 26th.",NA,PDC
199806,23,2045,199806,23,2130,2082391,5658567,DISTRICT OF COLUMBIA,11,1998,June,Flash Flood,C,1,DISTRICT OF COLUMBIA,LWX,23-JUN-98 20:45:00,EST,23-JUN-98 21:30:00,0,0,0,0,10K,NA,BROADCAST MEDIA,NA,NA,NA,NA,NA,NA,NA,NA,NA,NA,NA,NA,NA,NORTHWEST PORTION,NA,NA,NORTHWEST PORTION,NA,NA,NA,NA,"A slow-moving line of thunderstorms dumped between 2.4 and 3 inches of rain over Washington and the immediate suburbs.  Rock Creek came out of its banks, and a vehicle with two occupants became stuck - requiring emergency rescue operations.",NA,PDC
199803,9,500,199803,9,1000,2074384,5632971,DISTRICT OF COLUMBIA,11,1998,March,Flash Flood,C,1,DISTRICT OF COLUMBIA,LWX,09-MAR-98 05:00:00,EST,09-MAR-98 10:00:00,0,0,0,0,NA,NA,NA,NA,NA,NA,NA,NA,NA,NA,NA,NA,NA,NA,NA,NA,EAST PORTION,NA,NA,EAST PORTION,NA,NA,NA,NA,"A thunderstorm, dumping rainfall of 3/4 to 1 inch in the city shortly before dawn, exacerbated saturated soil conditions from the previous week's rains, causing spotty flash flooding and creating one of the slowest morning commutes in some time across the eastern half of the metropolitan area.  Automobile and rail traffic slowed to a near standstill through mid to late morning.  Flooding closed a stretch of Rock Creek Parkway between Virginia Avenue and P Street NW.   High standing water also closed the intersection of Helen Boroughs and Kenilworth Avenue NE.  Poor drainage induced other flooding in Anacostia.  Minor flooding near Union Station (NE) caused lengthy delays, especially for the commuter rain system.",NA,PDC
199802,4,1200,199802,5,1200,2073395,5635978,DISTRICT OF COLUMBIA,11,1998,February,Flash Flood,C,1,DISTRICT OF COLUMBIA,LWX,04-FEB-98 12:00:00,EST,05-FEB-98 12:00:00,0,0,0,0,NA,NA,NA,NA,NA,NA,NA,NA,NA,NA,NA,NA,NA,NA,NA,NA,NORTHWEST PORTION,NA,NA,NORTHWEST PORTION,NA,NA,NA,NA,"A powerful nor'easter, laden with abundant tropical moisture from the Gulf of Mexico and the Caribbean, dumped between 2 and 4 inches of rain across the Washington DC metropolitan region from early morning of the 4th through late evening on the 5th.  In the city itself, storm totals ranged from 2 to 3 inches, with Reagan National Airport (DCA) recording 2.47 inches.  The 2.01 inches that fell on the 4th shattered the 66 year old record of 1.61 inches for the date.  Accompanying the rain were north to northeast winds which reached sustained values of 25 to 35 mph and gusted to 45 mph.Routine flooding, especially given the already saturated soil, caused portions of Rock Creek to exceed bankful and closed the adjacent Rock Creek Parkway for various lengths of time on the 4th and 5th.  The gusty winds may have uprooted a few trees and knocked some limbs down.  Power outages were scattered around the metropolitan region.",NA,PDC
199908,25,1700,199908,25,2100,2413456,5718781,DISTRICT OF COLUMBIA,11,1999,August,Flash Flood,C,1,DISTRICT OF COLUMBIA,LWX,25-AUG-99 17:00:00,EST,25-AUG-99 21:00:00,0,0,0,0,NA,NA,NEWSPAPER,NA,NA,NA,NA,NA,NA,NA,NA,NA,NA,NA,NA,NA,COUNTYWIDE,NA,NA,COUNTYWIDE,NA,NA,NA,NA,A line of thunderstorms produced very heavy rain as it moved across Washington D.C. around 6:00 PM EDT.  Washington Reagan National Airport received 2.03 inches of rain from the storms.  Dry soil from drought conditions made most of the rainfall run off into low lying areas and roads.  Rapidly rising water forced officials to close Rock Creek Parkway and the South Capitol Street entrance to Interstate 395 during the evening rush hour.,Major streets closed by high water,PDC
199909,16,800,199909,16,1500,2412892,5716690,DISTRICT OF COLUMBIA,11,1999,September,Flash Flood,C,1,DISTRICT OF COLUMBIA,LWX,16-SEP-99 08:00:00,EST,16-SEP-99 15:00:00,0,0,0,0,NA,NA,NEWSPAPER,NA,NA,NA,NA,NA,NA,NA,NA,NA,NA,NA,NA,NA,COUNTYWIDE,NA,NA,COUNTYWIDE,NA,NA,NA,NA,"Hurricane Floyd made landfall just east of Cape Fear, North Carolina in the early morning hours of the 16th and  moved north-northeast across extreme southeast Virginia to near Ocean City, Maryland by evening on the 16th.  Rainbands on the outer edge of the hurricane began to affect the Washington D.C. area shortly after 8:00 AM EDT on the 15th and continued to cross the area through afternoon on the 16th.  The eye of Hurricane Floyd passed east of the Chesapeake Bay between 9:00 AM and midnight on the 16th.  Gusty winds of 40 to 60 MPH blew across the District between 11:00 AM and midnight on the 16th.  Children's Hospital reported a wind gust of 56 MPH at 2:13 PM EDT, and Washington National Airport recorded a gust of 55 MPH at 3:00 PM EDT.  Two hundred downed trees blocked roads and damaged houses and cars.  Downed power lines resulted in 7000 electrical outages.  Four schools remained without power through the 18th. Up to 6 inches of rain fell across the city. High water closed Independence Avenue from 15th to 23rd Street. Rock Creek Parkway was closed from Virginia Avenue to Calvert Street.  At 1:45 PM EDT on the 16th, a vacant building in the 600 block of New York Avenue collapsed from rain accumulated on its roof.  Rainfall totals included 6.00 inches at Foggy Bottom, 5.57 inches in Upper Northwest, 5.39 inches at Children's Hospital, and 4.57 inches at National Airport.",Roads closed by high water,PDC
200106,22,2250,200106,22,2359,1118128,5254401,DISTRICT OF COLUMBIA,11,2001,June,Flash Flood,C,1,DISTRICT OF COLUMBIA,LWX,22-JUN-01 22:50:00,EST,22-JUN-01 23:59:00,0,0,0,0,NA,NA,NEWSPAPER,NA,NA,NA,NA,NA,NA,NA,NA,NA,NA,NA,NA,NA,COUNTYWIDE,NA,NA,COUNTYWIDE,NA,NA,NA,NA,An area of showers and thunderstorms with very heavy downpours moved across the District during the late evening hours of the 22nd.  The deluge of rain caused Rock Creek to overflow its banks near East-West Highway.,Rock Creek overflowed near East-West Highway.,PDS
200108,11,1530,200108,11,1730,1121752,5263600,DISTRICT OF COLUMBIA,11,2001,August,Flash Flood,C,1,DISTRICT OF COLUMBIA,LWX,11-AUG-01 15:30:00,EST,11-AUG-01 17:30:00,2,0,0,0,6M,NA,EMERGENCY MANAGER,NA,NA,NA,NA,NA,NA,NA,NA,NA,NA,NA,NA,NA,COUNTYWIDE,NA,NA,COUNTYWIDE,NA,NA,NA,NA,"Showers and thunderstorms with very heavy downpours formed over the District for the 2nd straight day around 3 PM EDT and remained near stationary over all but far Southeast D.C. through 6 PM.  These storms dumped between 5 and 7 inches of rain in less than three hours which caused the worst flash flooding the city had experienced since 1944.  Damages to public and private property totaled around $6 million and the city was given a Presidential Major Disaster Declaration.  The hardest hit areas were along Rhode Island Avenue between 2nd and 5th Streets NE and along U Street between 11th and 14th Streets.  Over 3300 homes and private businesses requested assistance for flood damage.  Few victims that reported damage to their homes had flood insurance and 90% were low income.  Over 8000 customers in a 35-block area around Dupont Circle lost power for more than 24 hours.  Numerous residents reported damage when sewers backed up into their homes and businesses through toilets and sinks.  The American Red Cross served nearly 45,000 meals to flood victims and housed 6 displaced families.  The city government noted significant flood damage to 30 schools, 6 hospitals, 7 libraries, Rock Creek Park, countless roads, and much of the 130-year-old sewer infrastructure.  Water seeping into wires in the sewer system cause manhole covers to explode.  A sewer line in a parking lot near the intersection of MacArthur Boulevard and 48th Place NW ruptured, opening a 20-foot-wide and 25-foot-deep sinkhole which swallowed an unoccupied car.  A series of pumping stations were damaged from ingestion of flood debris.  Several motorists were stranded by high water.  Areas along Rock Creek saw mud slides and more than two dozen downed trees.  Rock Creek Parkway was closed by debris between Virginia and Cathedral Avenue.  A car on Broad Branch Road stalled in flood waters from Rock Creek.  A man and his pregnant wife were partially swept downstream while trying to exit the vehicle.  Both people were rescued by another motorist and were treated for minor injuries.  The bridges across Broad Branch Road and Beech Drive NW were damaged by rushing water.  A mudslide on Macomb Street NW pushed a house 12 feet off its foundation.  The Metro subway system received $1 million damage to rolling stock and escalators as a result of flooding in underground stations.  Two stations which had flooding on the mezzanine and platform levels had to remain closed until the flood waters receded.  A rain gauge at Quebec Street NW with a capacity of 7.25 inches overflowed during the 3 hour deluge.  Additional rainfall totals included 6.24 inches at Dupont Circle, 5.53 inches a mile from Dupont Circle, and 5.36 inches at Dalecarlia Reservoir.",Over 3000 homes and businesses and almost 50 government buildings were damaged after 6 inches of rain fell in less than 3 hours.,PDS
200108,10,1430,200108,10,1515,1121751,5263790,DISTRICT OF COLUMBIA,11,2001,August,Flash Flood,C,1,DISTRICT OF COLUMBIA,LWX,10-AUG-01 14:30:00,EST,10-AUG-01 15:15:00,0,0,0,0,NA,NA,TRAINED SPOTTER,NA,NA,NA,NA,NA,NA,NA,NA,NA,NA,NA,NA,NA,COUNTYWIDE,NA,NA,COUNTYWIDE,NA,NA,NA,NA,A thunderstorm with very heavy rainfall moved through the District between 3 and 5 PM EDT.  Downpours flooded a number of roads in Northeast D.C. including Rhode Island Avenue.  A total of 2.68 inches of rain was recorded at Dupont Circle.,Rhode Island Avenue was inundated with water,PDS
200311,19,1800,200311,19,2000,1164973,5379911,DISTRICT OF COLUMBIA,11,2003,November,Flash Flood,C,1,DISTRICT OF COLUMBIA,LWX,19-NOV-03 18:00:00,EST,19-NOV-03 20:00:00,0,0,0,0,NA,NA,EMERGENCY MANAGER,NA,NA,NA,NA,NA,NA,NA,NA,NA,NA,NA,NA,NA,COUNTYWIDE,NA,NA,COUNTYWIDE,NA,NA,NA,NA,"A line of strong to severe thunderstorms moved across the region on the 19th. These storms preceded a cold front and produced gusty, damaging winds and heavy rainfall. Rainfall amounts averaged 2 to 4 inches. Some streets in and around the District were closed due to high water.","Some streets were closed due to high, standing water.",PDS
200307,10,2330,200307,11,30,1160490,5368665,DISTRICT OF COLUMBIA,11,2003,July,Flash Flood,C,1,DISTRICT OF COLUMBIA,LWX,10-JUL-03 23:30:00,EST,11-JUL-03 00:30:00,0,0,0,0,NA,NA,NEWSPAPER,NA,NA,NA,NA,NA,NA,NA,NA,NA,NA,NA,NA,NA,COUNTYWIDE,NA,NA,COUNTYWIDE,NA,NA,NA,NA,"A thunderstorm with high winds, heavy downpours, and frequent lightning moved through the District between midnight and 1 AM on the 11th.  In Georgetown, Canal Road was closed by flooding.  Six trees were downed between Dupont Circle and Cleveland Park.  Two homes and one car were hit by lightning.  One of the homes was  severely damaged after lightning struck the chimney and started the roof and the attic on fire.",Canal Road was closed by high water.,PDS
200306,12,1700,200306,12,1800,1156726,5370179,DISTRICT OF COLUMBIA,11,2003,June,Flash Flood,C,1,DISTRICT OF COLUMBIA,LWX,12-JUN-03 17:00:00,EST,12-JUN-03 18:00:00,0,0,0,0,NA,NA,NEWSPAPER,NA,NA,NA,NA,NA,NA,NA,NA,NA,NA,NA,NA,NA,COUNTYWIDE,NA,NA,COUNTYWIDE,NA,NA,NA,NA,"A thunderstorm with very heavy downpours and high winds moved through the District between 5:30 and 6:30 PM on the 12th.  The hardest hit area was in the eastern portion of the city where a downburst of wind measured at 76 MPH damaged several structures and downed power lines and an estimated 800 trees. Nearly 18,000 customers in D.C. lost power as a direct result of the storm.  The 76 MPH wind gust was recorded at Johnson Junior High School and a wind gust of 63 MPH was recorded at Charles Hart Middle School. An apartment complex on Morris Road SE sustained significant roof and window damage.  Two people were injured and 25 people were displaced by the debris. A downed power line nearby caught three cars on fire.  On Alabama Avenue SE, trees were felled onto houses.  On Suitland Parkway and Staunton Road SE, a tree fell on a deck and trees blocked the road. At Seventh Street and Raleigh Place SE, a tree was felled onto a 2-story home and an elderly couple was trapped inside. On Jay Street NE, an apartment building roof and windows were damaged and several trees were downed.  A 2 month old baby and a woman were injured. A total of 46 families were displaced by the damage. Very heavy downpours also caused Rhode Island Avenue to be closed by high water.  In addition, power outages caused three pumping stations to shut down, leading to basement flooding in Northeast.",Roads and basements were flooded.,PDS
200406,17,1740,200406,17,1900,1173587,5406535,DISTRICT OF COLUMBIA,11,2004,June,Flash Flood,C,1,DISTRICT OF COLUMBIA,LWX,17-JUN-04 17:40:00,EST,17-JUN-04 19:00:00,0,0,0,0,NA,NA,AMATEUR RADIO,NA,NA,NA,NA,NA,NA,NA,NA,NA,NA,NA,NA,NA,SOUTHEAST PORTION,NA,NA,SOUTHEAST PORTION,NA,NA,NA,NA,NA,Many streets flooded in Southeast Washington. A mudslide resulted in lane closures. Two water rescues were performed.,PDS
200408,11,1525,200408,11,1825,1179579,5421637,DISTRICT OF COLUMBIA,11,2004,August,Flash Flood,C,1,DISTRICT OF COLUMBIA,LWX,11-AUG-04 15:25:00,EST,11-AUG-04 18:25:00,0,0,0,0,NA,NA,TRAINED SPOTTER,NA,NA,NA,NA,NA,NA,NA,NA,NA,NA,NA,NA,NA,LINCOLN MEMORIAL,NA,NA,LINCOLN MEMORIAL,NA,NA,NA,NA,NA,Street flooding on 14th Street and Constitution Avenue.,PDS
200407,4,1510,200407,4,1710,1178246,5418283,DISTRICT OF COLUMBIA,11,2004,July,Flash Flood,C,1,DISTRICT OF COLUMBIA,LWX,04-JUL-04 15:10:00,EST,04-JUL-04 17:10:00,0,0,0,0,NA,NA,NEWSPAPER,NA,NA,NA,NA,NA,NA,NA,NA,NA,NA,NA,NA,NA,US CAPITOL,NA,NA,US CAPITOL,NA,NA,NA,NA,"Showers and thunderstorms developed along a stalled frontal boundary in the Washington, DC Metropolitan area on the 4th of July. Record rainfall occurred in the District, flooding many downtown streets. The 2.18"" of rain lead to the cancellation of many outdoor activities, including the National Independence Day Parade.",NA,PDS
200407,27,2200,200407,28,500,1178247,5418284,DISTRICT OF COLUMBIA,11,2004,July,Flash Flood,C,1,DISTRICT OF COLUMBIA,LWX,27-JUL-04 22:00:00,EST,28-JUL-04 05:00:00,0,0,0,0,NA,NA,NEWSPAPER,NA,NA,NA,NA,NA,NA,NA,NA,NA,NA,NA,NA,NA,COUNTYWIDE,NA,NA,COUNTYWIDE,NA,NA,NA,NA,"A very slow moving frontal system came through the region on the 27th. Moisture ahead of the front was plentiful. Two to five inches of rain fell, and produced wide spread flash flooding in District of Columbia and the surrounding suburbs. US Park Police and DC Fire crews rescued occupants of three vehicles trapped in flooding water.",NA,PDS
200501,14,715,200501,14,1000,1184698,5436764,DISTRICT OF COLUMBIA,11,2005,January,Flash Flood,C,1,DISTRICT OF COLUMBIA,LWX,14-JAN-05 07:15:00,EST,14-JAN-05 10:00:00,0,0,0,0,NA,NA,AMATEUR RADIO,NA,NA,NA,NA,NA,NA,NA,NA,NA,NA,NA,NA,NA,COUNTYWIDE,NA,NA,COUNTYWIDE,38.91667,-77.01667,38.91667,-77.01667,NA,Several road closures in the District of Columbia.,PDS
200504,3,210,200504,3,330,1189021,5450465,DISTRICT OF COLUMBIA,11,2005,April,Flash Flood,C,1,DISTRICT OF COLUMBIA,LWX,03-APR-05 02:10:00,EST,03-APR-05 03:30:00,0,0,0,0,NA,NA,EMERGENCY MANAGER,NA,NA,NA,NA,NA,NA,NA,NA,NA,NA,NA,NA,NA,CENTRAL PORTION,NA,NA,CENTRAL PORTION,38.91667,-77.01667,38.91667,-77.01667,"A strong cold front pushed through the Mid Atlantic on Saturday, April 2nd. This front brought thunderstorms that downed trees and power lines as well as heavy downpours that flooded rivers, streams, and roadways.",Water over Interstate 295 at Kenilworth Avenue,PDS
200606,25,2100,200606,27,0,1212982,5515325,DISTRICT OF COLUMBIA,11,2006,June,Flash Flood,C,1,DISTRICT OF COLUMBIA,LWX,25-JUN-06 21:00:00,EST,27-JUN-06 00:00:00,0,0,0,0,10M,NA,PARK/FOREST SERVICE,NA,NA,NA,NA,NA,NA,NA,NA,NA,NA,NA,NA,NA,COUNTYWIDE,NA,NA,COUNTYWIDE,NA,NA,NA,NA,"A weak cold front settled over the forecast area from June 23 until June 27.  Waves of low pressure rode northeast along the front.  Flow in the atmosphere was parallel to the boundary, producing several rounds of training echoes.  As a result, double digit rainfall totals affected parts of the region through the five days.  There were also several rounds of severe weather with damaging winds and large hail during the period.A slow-moving line of thunderstorms fired along a tropical moisture plume and dumped between 4 and 7 inches of rain in Washington DC, causing extensive urban flooding on June 25 and June 26. Washington National Airport recorded more than 10 inches of rain, with new daily records being set both Sunday and Monday. Numerous roadways were flooded and/or closed, including some major arteries like the Capital Beltway near the Woodrow Wilson Bridge due to a mudslide. The IRS Building, National Archives, Department of Justice, and Environmental Protection Agency buildings were closed for the beginning of the workweek. Extensive power outages across the region occurred during this event. Major disruption of transportation was experienced June 26 due to the flooding. MARC Commuter rail experienced disruptions, Virginia Railway Express commuter rail did not operate, and flooding in underground tunnels forced much of the Washington Metro rail to close. At one point, 4 feet of water was reported in the 9th Street tunnel in DC.  Rock Creek flooded, and threw several vehicles up against trees due to the fast flowing high flood waters. The National Park Service reported severe damages at Rock Creek Park at a level more severe than damages sustained during Hurricane Isabel in September, 2003. Severe erosion occurred along park roads and trails. Numerous trees were downed all around the park area. Many roads were closed for several days around the park.This storm significantly contributed to June 2006 being the wettest ever in Washington DC. The monthly rainfall total reached 14.02 inches at Reagan National Airport, much of that from this late June heavy rainfall event.Damage estimates for this weather event were estimated using information from the National Park Service, newspaper reports, and local Emergency Management officials.",NA,PDS
200607,5,1430,200607,5,1530,1215504,5519969,DISTRICT OF COLUMBIA,11,2006,July,Flash Flood,C,1,DISTRICT OF COLUMBIA,LWX,05-JUL-06 14:30:00,EST,05-JUL-06 15:30:00,0,0,0,0,NA,NA,AMATEUR RADIO,NA,NA,NA,NA,NA,NA,NA,NA,NA,NA,NA,NA,NA,SOUTHEAST PORTION,NA,NA,SOUTHEAST PORTION,NA,NA,NA,NA,"After the severe storms of July 4th around the region, additional severe weather occurred on the 5th. There were numerous reports of flash flooding and wind damage from these storms as they moved through the Washington/Baltimore region.",South Capital and Martin Luther King Jr. Avenue flooded and impassable in the Southeast District.,PDS
200807,23,2000,200807,23,2200,19787,118348,DISTRICT OF COLUMBIA,11,2008,July,Flash Flood,C,1,DISTRICT OF COLUMBIA,LWX,23-JUL-08 20:00:00,EST-5,23-JUL-08 22:00:00,0,0,0,0,0.00K,0.00K,Broadcast Media,NA,NA,Heavy Rain,NA,NA,NA,NA,NA,NA,NA,NA,1,SSE,TENLEYTOWN,2,SW,NATIONAL ARBORETUM,38.9374,-77.0649,38.899,-76.9906,"A slow moving cold front moved towards the Mid Atlantic Coast on July 23rd. This front provided the focus for scattered to numerous showers and thunderstorms to develop during the afternoon and evening hours. With high amounts of moisture in place, some storms produced heavy rainfall. Storms also moved repeatedly over the same areas. This allowed flash flooding to occur. Local broadcast media reported road closures, a water rescue and a mudslide. One storm that moved over the metro produced gusty winds that downed trees.",Local broadcast media reported a water rescue at Mount Olivet Road and West Virginia Ave. Portion of Beach Drive was closed due to a mudslide.,CSV
200809,6,1245,200809,6,1613,22967,135875,DISTRICT OF COLUMBIA,11,2008,September,Flash Flood,C,1,DISTRICT OF COLUMBIA,LWX,06-SEP-08 12:45:00,EST-5,06-SEP-08 16:13:00,0,0,0,0,0.00K,0.00K,Emergency Manager,NA,NA,Heavy Rain / Tropical System,NA,NA,NA,NA,NA,NA,NA,NA,2,S,NATIONAL ARBORETUM,2,S,NATIONAL ARBORETUM,38.8979,-76.97,38.8979,-76.9692,"Tropical Storm Hanna tracked up the Mid-Atlantic coast on the 6th with maximum sustained winds around 50 mph. Hanna originally made landfall near the border of North and South Carolina around 3:20 AM on the 6th. Hanna tracked across eastern North Carolina during the early afternoon hours before turning northeast across southeastern Virginia later in the afternoon. Hanna eventually tracked across the Chesapeake Bay and into Delaware during the evening hours. With the track of Hanna being to the east, the strongest winds were also confined to our east. However, Hanna was still responsible for heavy rain. Rainfall amounts totaled around 4 to 8 inches across many locations in the city. Some roads were closed in the District due to flash flooding.  Tropical Storm force winds were responsible for downed trees and power lines across Washington D.C. as well. The worst conditions occurred during the late morning and afternoon hours as the storm passed by just to the east.",Flash flooding was reported on Oklahoma Street and Benning Road.,CSV
200809,6,1245,200809,6,1613,22967,135877,DISTRICT OF COLUMBIA,11,2008,September,Flash Flood,C,1,DISTRICT OF COLUMBIA,LWX,06-SEP-08 12:45:00,EST-5,06-SEP-08 16:13:00,0,0,0,0,0.00K,0.00K,Broadcast Media,NA,NA,Heavy Rain / Tropical System,NA,NA,NA,NA,NA,NA,NA,NA,0,W,GEORGETOWN,0,W,GEORGETOWN,38.9201,-77.0526,38.92,-77.0523,"Tropical Storm Hanna tracked up the Mid-Atlantic coast on the 6th with maximum sustained winds around 50 mph. Hanna originally made landfall near the border of North and South Carolina around 3:20 AM on the 6th. Hanna tracked across eastern North Carolina during the early afternoon hours before turning northeast across southeastern Virginia later in the afternoon. Hanna eventually tracked across the Chesapeake Bay and into Delaware during the evening hours. With the track of Hanna being to the east, the strongest winds were also confined to our east. However, Hanna was still responsible for heavy rain. Rainfall amounts totaled around 4 to 8 inches across many locations in the city. Some roads were closed in the District due to flash flooding.  Tropical Storm force winds were responsible for downed trees and power lines across Washington D.C. as well. The worst conditions occurred during the late morning and afternoon hours as the storm passed by just to the east.",Rockcreek Parkway was closed due to flash flooding.,CSV
200906,9,530,200906,9,800,29317,171993,DISTRICT OF COLUMBIA,11,2009,June,Flash Flood,C,1,DISTRICT OF COLUMBIA,LWX,09-JUN-09 05:30:00,EST-5,09-JUN-09 08:00:00,0,0,0,0,0.00K,0.00K,Newspaper,NA,NA,Heavy Rain,NA,NA,NA,NA,NA,NA,NA,NA,2,SSE,DALECARLIA RESERVOIR,2,SSE,DALECARLIA RESERVOIR,38.919,-77.1008,38.9183,-77.1005,"An upper-level disturbance combined with plenty of moisture and an unstable atmosphere to trigger showers and thunderstorms during early morning hours of the 9th. With locally heavy rain in a short period of time, this lead to an isolated area of flash flooding.",Canal Road at Reservoir Road was closed due to flash flooding.,CSV
200905,26,641,200905,26,800,29184,171294,DISTRICT OF COLUMBIA,11,2009,May,Flash Flood,C,1,DISTRICT OF COLUMBIA,LWX,26-MAY-09 06:41:00,EST-5,26-MAY-09 08:00:00,0,0,0,0,0.00K,0.00K,Newspaper,NA,NA,Heavy Rain,NA,NA,NA,NA,NA,NA,NA,NA,1,N,MOUNT PLEASANT,1,N,MOUNT PLEASANT,38.9437,-77.05,38.943,-77.0505,A wave of low pressure riding along a stalled boundary triggered rain and thunderstorms. Heavy amounts of rain in a short period of time lead to isolated areas of flash flooding.,Beach Drive at Blagden Avenue was closed due to flash flooding.,CSV
201012,1,954,201012,1,1054,46201,267940,DISTRICT OF COLUMBIA,11,2010,December,Flash Flood,C,1,DISTRICT OF COLUMBIA,LWX,01-DEC-10 09:54:00,EST-5,01-DEC-10 10:54:00,0,0,0,0,0.00K,0.00K,Department of Highways,NA,NA,Heavy Rain,NA,NA,NA,NA,NA,NA,NA,NA,1,N,BENNING,1,NNW,BENNING,38.9,-76.95,38.8947,-76.9545,"A cold front moved across the Appalachian Mountains early on the morning of December 1 into an unseasonably warm and moisture atmosphere in the Mid-Atlantic. Widespread rain and thunderstorms developed, some of which produced heavy rain in the District of Columbia. There was an isolated flash flood report on Interstate 295.",Northbound Interstate 295 was closed at Benning Road due to high water.,CSV
201010,27,1315,201010,27,1337,45497,264082,DISTRICT OF COLUMBIA,11,2010,October,Flash Flood,C,1,DISTRICT OF COLUMBIA,LWX,27-OCT-10 13:15:00,EST-5,27-OCT-10 13:37:00,0,0,0,0,0.00K,0.00K,Emergency Manager,NA,NA,Heavy Rain,NA,NA,NA,NA,NA,NA,NA,NA,0,E,BOLLING AFB,1,SE,BOLLING AFB,38.8497,-77.0109,38.8424,-77.0099,A southerly flow around high pressure off the East Coast led to an unusually warm and humid air mass for this time of the year. The warm and humid air combined with an approaching cold front to trigger showers and thunderstorms. Heavier showers and thunderstorms produced large amounts of rain in a short period of time.,The intersection of Capitol Street SE and Malcolm X Boulevard was closed due to flash flooding.,CSV
201009,30,730,201009,30,915,44330,257522,DISTRICT OF COLUMBIA,11,2010,September,Flash Flood,C,1,DISTRICT OF COLUMBIA,LWX,30-SEP-10 07:30:00,EST-5,30-SEP-10 09:15:00,0,0,0,0,0.00K,0.00K,Broadcast Media,NA,NA,Heavy Rain,NA,NA,NA,NA,NA,NA,NA,NA,1,N,LINCOLN MEMORIAL,1,N,LINCOLN MEMORIAL,38.8968,-77.0467,38.8996,-77.0528,"A rich plume of tropical moisture, originating from the western Caribbean Sea, spread northward along the east coast of the United States. Tropical Storm Nicole developed over the northwest Caribbean Sea. Though Nicole dissipated shortly after crossing Cuba, her associated moisture was funneled into another area of low pressure that developed along the Carolina coastline.  Bands of heavy rain began to rapidly move into the District of Columbia just after midnight on Thursday morning, September 30.  After the initial low pressure passed north of the area late Thursday morning after producing up to 4 inches of rain, a brief lull in precipitation occurred Thursday afternoon, before the remnant circulation of Tropical Storm Nicole moved up the Delmarva Peninsula, reinvigorating heavy rainfall. Storm total rainfall exceeded 5 inches, with a measured total of 5.59 inches being observed in the Eckington neighborhood.",Virginia Avenue NW was closed between 21st and 25th Streets due to flash flooding. A nearby rain gage measured 4.84 inches of storm total rainfall.,CSV
201009,30,1000,201009,30,1415,44330,257529,DISTRICT OF COLUMBIA,11,2010,September,Flash Flood,C,1,DISTRICT OF COLUMBIA,LWX,30-SEP-10 10:00:00,EST-5,30-SEP-10 14:15:00,0,0,0,0,0.00K,0.00K,Broadcast Media,NA,NA,Heavy Rain,NA,NA,NA,NA,NA,NA,NA,NA,1,S,BROOKLAND,1,SSE,BROOKLAND,38.92,-77,38.9221,-76.9965,"A rich plume of tropical moisture, originating from the western Caribbean Sea, spread northward along the east coast of the United States. Tropical Storm Nicole developed over the northwest Caribbean Sea. Though Nicole dissipated shortly after crossing Cuba, her associated moisture was funneled into another area of low pressure that developed along the Carolina coastline.  Bands of heavy rain began to rapidly move into the District of Columbia just after midnight on Thursday morning, September 30.  After the initial low pressure passed north of the area late Thursday morning after producing up to 4 inches of rain, a brief lull in precipitation occurred Thursday afternoon, before the remnant circulation of Tropical Storm Nicole moved up the Delmarva Peninsula, reinvigorating heavy rainfall. Storm total rainfall exceeded 5 inches, with a measured total of 5.59 inches being observed in the Eckington neighborhood.",Rhode Island Avenue NE was closed near the Rhode Island Avenue METRO Station. High water rescues were underway.  A cooperative observer near the event measured 4.67 of rain.,CSV
201008,12,652,201008,12,752,43155,251407,DISTRICT OF COLUMBIA,11,2010,August,Flash Flood,C,1,DISTRICT OF COLUMBIA,LWX,12-AUG-10 06:52:00,EST-5,12-AUG-10 07:52:00,0,0,0,0,0.00K,0.00K,Broadcast Media,NA,NA,Heavy Rain,NA,NA,NA,NA,NA,NA,NA,NA,0,NE,GEORGETOWN,0,ESE,MOUNT PLEASANT,38.9214,-77.0488,38.9278,-77.0419,"A northwest to southeast oriented cold front drifted into the area as an upper level disturbance moved southeast across the region. Thunderstorms initiated along the boundary during the morning, producing torrential downpours across northern and western parts of Washington. Rainfall amounts of 1 to 3 inches in under 2 hours were enough to produce flash flooding.",Water was swiftly flowing downhill on Beach Drive NW.,CSV
201008,12,656,201008,12,756,43155,251408,DISTRICT OF COLUMBIA,11,2010,August,Flash Flood,C,1,DISTRICT OF COLUMBIA,LWX,12-AUG-10 06:56:00,EST-5,12-AUG-10 07:56:00,0,0,0,0,0.00K,0.00K,Department of Highways,NA,NA,Heavy Rain,NA,NA,NA,NA,NA,NA,NA,NA,1,S,BROOKLAND,1,SSE,BROOKLAND,38.9182,-77.0002,38.9208,-76.9948,"A northwest to southeast oriented cold front drifted into the area as an upper level disturbance moved southeast across the region. Thunderstorms initiated along the boundary during the morning, producing torrential downpours across northern and western parts of Washington. Rainfall amounts of 1 to 3 inches in under 2 hours were enough to produce flash flooding.",Rhode Island Avenue was closed between 4th and 8th Streets NE.,CSV
201008,12,700,201008,12,800,43155,251409,DISTRICT OF COLUMBIA,11,2010,August,Flash Flood,C,1,DISTRICT OF COLUMBIA,LWX,12-AUG-10 07:00:00,EST-5,12-AUG-10 08:00:00,0,0,0,0,0.00K,0.00K,Law Enforcement,NA,NA,Heavy Rain,NA,NA,NA,NA,NA,NA,NA,NA,1,SSE,WALTER REED,1,S,WALTER REED,38.96,-77.02,38.9586,-77.027,"A northwest to southeast oriented cold front drifted into the area as an upper level disturbance moved southeast across the region. Thunderstorms initiated along the boundary during the morning, producing torrential downpours across northern and western parts of Washington. Rainfall amounts of 1 to 3 inches in under 2 hours were enough to produce flash flooding.",Missouri Avenue was flooded.,CSV
201008,18,610,201008,18,710,43245,251979,DISTRICT OF COLUMBIA,11,2010,August,Flash Flood,C,1,DISTRICT OF COLUMBIA,LWX,18-AUG-10 06:10:00,EST-5,18-AUG-10 07:10:00,0,0,0,0,0.00K,0.00K,Park/Forest Service,NA,NA,Heavy Rain,NA,NA,NA,NA,NA,NA,NA,NA,1,ESE,TENLEYTOWN,1,W,GEORGETOWN,38.9461,-77.0503,38.9202,-77.0622,Low pressure moved west to east along a stationary boundary draped across far northern Virginia and Maryland. Thunderstorms associated with this low pressure produced very high rainfall rates with the aide of a moisture laden atmosphere. Flash flooding was reported across northwest portions of Washington DC during the morning from rainfall amounts of 2 to 3 inches in less than 3 hours.,"Rock Creek overtopped its banks, flooding portions of Rock Creek Parkway, Beach Drive, and Broadbranch Drive. An automated rain gauge nearby reported 3.17 inches.",CSV
201008,12,645,201008,12,745,43155,251405,DISTRICT OF COLUMBIA,11,2010,August,Flash Flood,C,1,DISTRICT OF COLUMBIA,LWX,12-AUG-10 06:45:00,EST-5,12-AUG-10 07:45:00,0,0,0,0,0.00K,0.00K,Public,NA,NA,Heavy Rain,NA,NA,NA,NA,NA,NA,NA,NA,1,NW,US CAPITOL,1,NW,US CAPITOL,38.89,-77.03,38.8925,-77.0324,"A northwest to southeast oriented cold front drifted into the area as an upper level disturbance moved southeast across the region. Thunderstorms initiated along the boundary during the morning, producing torrential downpours across northern and western parts of Washington. Rainfall amounts of 1 to 3 inches in under 2 hours were enough to produce flash flooding.",Flash Flooding was reported at Constitution Avenue and 15th Street NW. A rain gauge in the area measured 1.34 inches.,CSV
201008,12,652,201008,12,752,43155,251406,DISTRICT OF COLUMBIA,11,2010,August,Flash Flood,C,1,DISTRICT OF COLUMBIA,LWX,12-AUG-10 06:52:00,EST-5,12-AUG-10 07:52:00,0,0,0,0,0.00K,0.00K,Broadcast Media,NA,NA,Heavy Rain,NA,NA,NA,NA,NA,NA,NA,NA,0,NW,MOUNT PLEASANT,1,NW,MOUNT PLEASANT,38.9334,-77.0545,38.9362,-77.0567,"A northwest to southeast oriented cold front drifted into the area as an upper level disturbance moved southeast across the region. Thunderstorms initiated along the boundary during the morning, producing torrential downpours across northern and western parts of Washington. Rainfall amounts of 1 to 3 inches in under 2 hours were enough to produce flash flooding.",Cleveland Park METRO Station was inundated by several inches of water flowing down the escalators.,CSV
201109,7,1135,201109,7,1515,57805,346897,DISTRICT OF COLUMBIA,11,2011,September,Flash Flood,C,1,DISTRICT OF COLUMBIA,LWX,07-SEP-11 11:35:00,EST-5,07-SEP-11 15:15:00,0,0,0,0,0.00K,0.00K,Emergency Manager,NA,NA,Heavy Rain,NA,NA,NA,NA,NA,NA,NA,NA,1,NW,US CAPITOL,1,WNW,US CAPITOL,38.886,-77.0298,38.8855,-77.0328,Abnormally moist atmosphere across the Mid-Atlantic allowed showers and thunderstorms to produce exceptional rainfall rates across portions of the District of Columbia as the remnants of Tropical Depression Lee interacted with a nearly stationary boundary near the Mason-Dixon line.  A number of reports of flash flooding were received through the city.,The inbound section of the 14th Street Bridge was closed due to flash flooding.,CSV
201109,7,1135,201109,7,1515,57805,346898,DISTRICT OF COLUMBIA,11,2011,September,Flash Flood,C,1,DISTRICT OF COLUMBIA,LWX,07-SEP-11 11:35:00,EST-5,07-SEP-11 15:15:00,0,0,0,0,0.00K,0.00K,State Official,NA,NA,Heavy Rain,NA,NA,NA,NA,NA,NA,NA,NA,0,NNW,US CAPITOL,0,NW,US CAPITOL,38.8844,-77.0231,38.8846,-77.0248,Abnormally moist atmosphere across the Mid-Atlantic allowed showers and thunderstorms to produce exceptional rainfall rates across portions of the District of Columbia as the remnants of Tropical Depression Lee interacted with a nearly stationary boundary near the Mason-Dixon line.  A number of reports of flash flooding were received through the city.,The Ninth Street Tunnel was closed due to flash flooding.,CSV
201109,7,1135,201109,7,1515,57805,346899,DISTRICT OF COLUMBIA,11,2011,September,Flash Flood,C,1,DISTRICT OF COLUMBIA,LWX,07-SEP-11 11:35:00,EST-5,07-SEP-11 15:15:00,0,0,0,0,0.00K,0.00K,State Official,NA,NA,Heavy Rain,NA,NA,NA,NA,NA,NA,NA,NA,1,NNW,US CAPITOL,1,NNW,US CAPITOL,38.8914,-77.0267,38.8925,-77.0248,Abnormally moist atmosphere across the Mid-Atlantic allowed showers and thunderstorms to produce exceptional rainfall rates across portions of the District of Columbia as the remnants of Tropical Depression Lee interacted with a nearly stationary boundary near the Mason-Dixon line.  A number of reports of flash flooding were received through the city.,Ninth Street at Constitution Avenue was closed due to flash flooding.,CSV
201109,7,1135,201109,7,1515,57805,346900,DISTRICT OF COLUMBIA,11,2011,September,Flash Flood,C,1,DISTRICT OF COLUMBIA,LWX,07-SEP-11 11:35:00,EST-5,07-SEP-11 15:15:00,0,0,0,0,0.00K,0.00K,State Official,NA,NA,Heavy Rain,NA,NA,NA,NA,NA,NA,NA,NA,1,SSW,WALTER REED,1,SSW,WALTER REED,38.9619,-77.0357,38.9634,-77.0351,Abnormally moist atmosphere across the Mid-Atlantic allowed showers and thunderstorms to produce exceptional rainfall rates across portions of the District of Columbia as the remnants of Tropical Depression Lee interacted with a nearly stationary boundary near the Mason-Dixon line.  A number of reports of flash flooding were received through the city.,The ramp to 16th Street from Military Road Northwest was closed due to flash flooding.,CSV
201206,1,1650,201206,1,1915,65601,392685,DISTRICT OF COLUMBIA,11,2012,June,Flash Flood,C,1,DISTRICT OF COLUMBIA,LWX,01-JUN-12 16:50:00,EST-5,01-JUN-12 19:15:00,0,0,0,0,0.00K,0.00K,Public,NA,NA,Heavy Rain,NA,NA,NA,NA,NA,NA,NA,NA,1,NE,BENNING,1,NNE,BENNING,38.89,-76.94,38.8933,-76.9408,"Low pressure tracked through the Ohio Valley and into the Great Lakes. The warm front associated with this system passed through our region during the first. Plenty of moisture from the Gulf of Mexico and the Atlantic Ocean combined with strong forcing associated with the warm front, causing thunderstorms to develop. Nearly saturated low levels and training activity supported very heavy rainfall and flash flooding was reported.  The highest rainfall total observed was 2.50 inches.",Blaine Street at 42nd Street was closed and vehicles were trapped.  A nearby rain gauge tallied 2.00 inches.,CSV
201207,10,1920,201207,10,2120,66785,400639,DISTRICT OF COLUMBIA,11,2012,July,Flash Flood,C,1,DISTRICT OF COLUMBIA,LWX,10-JUL-12 19:20:00,EST-5,10-JUL-12 21:20:00,0,0,0,0,0.00K,0.00K,Broadcast Media,NA,NA,Heavy Rain,NA,NA,NA,NA,NA,NA,NA,NA,1,SW,BROOKLAND,1,SW,BROOKLAND,38.92,-77.01,38.9162,-77.0153,A cold front move through the Mid-Atlantic during the evening hours. Showers and thunderstorms along the front had very high rainfall rates.  Enough rain fell in the Washington DC to induce an isolated flash flood in the Bloomingdale neighborhood from rainfall amounts of up to 2.36 inches.,Flash flooding near Rhode Island Avenue and First Street Northwest in Bloomingdale.,CSV
201207,18,1700,201207,18,1900,66804,400808,DISTRICT OF COLUMBIA,11,2012,July,Flash Flood,C,1,DISTRICT OF COLUMBIA,LWX,18-JUL-12 17:00:00,EST-5,18-JUL-12 19:00:00,0,0,0,0,0.00K,0.00K,Broadcast Media,NA,NA,Heavy Rain,NA,NA,NA,NA,NA,NA,NA,NA,1,S,BROOKLAND,1,S,BROOKLAND,38.92,-77,38.9195,-76.9998,A nearly stationary low pressure trough induced a slow-moving thunderstorm over Washington DC during the afternoon. Very heavy rain associated with it caused flash flooding in the Bloomingdale neighborhood.,Rhode Island Avenue was closed due to flash flooding.  Several vehicles stalled in high water.,CSV
201209,2,1915,201209,2,2115,68952,413671,DISTRICT OF COLUMBIA,11,2012,September,Flash Flood,C,1,DISTRICT OF COLUMBIA,LWX,02-SEP-12 19:15:00,EST-5,02-SEP-12 21:15:00,0,0,0,0,0.00K,0.00K,911 Call Center,NA,NA,Heavy Rain,NA,NA,NA,NA,NA,NA,NA,NA,1,SW,BROOKLAND,1,SW,BROOKLAND,38.9154,-77.0149,38.9159,-77.0127,A stationary boundary was stalled across the region. A very moist airmass was in place with high PWAT values. Showers and thunderstorms that did develop caused flash flooding.,Rhode Island Avenue NW was closed between the 100 and 200 block.,CSV
201209,2,1915,201209,2,2115,68952,413672,DISTRICT OF COLUMBIA,11,2012,September,Flash Flood,C,1,DISTRICT OF COLUMBIA,LWX,02-SEP-12 19:15:00,EST-5,02-SEP-12 21:15:00,0,0,0,0,0.00K,0.00K,911 Call Center,NA,NA,Heavy Rain,NA,NA,NA,NA,NA,NA,NA,NA,1,E,MOUNT PLEASANT,1,E,MOUNT PLEASANT,38.9274,-77.0263,38.9274,-77.0259,A stationary boundary was stalled across the region. A very moist airmass was in place with high PWAT values. Showers and thunderstorms that did develop caused flash flooding.,The 2900 block of Sherman Avenue was closed.,CSV
201209,2,1915,201209,2,2115,68952,413673,DISTRICT OF COLUMBIA,11,2012,September,Flash Flood,C,1,DISTRICT OF COLUMBIA,LWX,02-SEP-12 19:15:00,EST-5,02-SEP-12 21:15:00,0,0,0,0,0.00K,0.00K,911 Call Center,NA,NA,Heavy Rain,NA,NA,NA,NA,NA,NA,NA,NA,1,SSW,BROOKLAND,1,SSW,BROOKLAND,38.9186,-77.0053,38.9178,-77.0056,A stationary boundary was stalled across the region. A very moist airmass was in place with high PWAT values. Showers and thunderstorms that did develop caused flash flooding.,The intersection of 1st St NE and V St NE was closed.,CSV
201209,2,1915,201209,2,2115,68952,413674,DISTRICT OF COLUMBIA,11,2012,September,Flash Flood,C,1,DISTRICT OF COLUMBIA,LWX,02-SEP-12 19:15:00,EST-5,02-SEP-12 21:15:00,0,0,0,0,0.00K,0.00K,911 Call Center,NA,NA,Heavy Rain,NA,NA,NA,NA,NA,NA,NA,NA,1,SW,BROOKLAND,1,SW,BROOKLAND,38.9149,-77.0182,38.9148,-77.0163,A stationary boundary was stalled across the region. A very moist airmass was in place with high PWAT values. Showers and thunderstorms that did develop caused flash flooding.,The intersection of Rhode Island Ave NW and Florida Ave NW was closed.,CSV
201209,8,1510,201209,8,2100,68960,413703,DISTRICT OF COLUMBIA,11,2012,September,Flash Flood,C,1,DISTRICT OF COLUMBIA,LWX,08-SEP-12 15:10:00,EST-5,08-SEP-12 21:00:00,0,0,0,0,0.00K,0.00K,911 Call Center,NA,NA,Heavy Rain,NA,NA,NA,NA,NA,NA,NA,NA,1,N,BENNING,1,N,BENNING,38.8961,-76.9508,38.8953,-76.9485,A cold front crossed WV in the morning and made it to the I-95 corridor by the evening. Increased instability led to pre frontal showers and thunderstorms that were capable of damaging winds and flash flooding.,Benning Road was closed due to flash flooding in association with Watts Branch near Route 295.,CSV
201209,8,1505,201209,8,2100,68960,413701,DISTRICT OF COLUMBIA,11,2012,September,Flash Flood,C,1,DISTRICT OF COLUMBIA,LWX,08-SEP-12 15:05:00,EST-5,08-SEP-12 21:00:00,0,0,0,0,0.00K,0.00K,911 Call Center,NA,NA,Heavy Rain,NA,NA,NA,NA,NA,NA,NA,NA,2,NNE,BENNING,2,NNE,BENNING,38.9027,-76.9431,38.902,-76.9416,A cold front crossed WV in the morning and made it to the I-95 corridor by the evening. Increased instability led to pre frontal showers and thunderstorms that were capable of damaging winds and flash flooding.,There were portions of Minnesota Ave and Nannie Helen Burroughs Ave closed due to flash flooding in association with Watts Branch.,CSV
201207,19,2140,201207,19,2340,66806,400816,DISTRICT OF COLUMBIA,11,2012,July,Flash Flood,C,1,DISTRICT OF COLUMBIA,LWX,19-JUL-12 21:40:00,EST-5,19-JUL-12 23:40:00,0,0,0,0,0.00K,0.00K,State Official,NA,NA,Heavy Rain,NA,NA,NA,NA,NA,NA,NA,NA,2,SW,BROOKLAND,1,W,NATIONAL ARBORETUM,38.91,-77.02,38.9184,-76.9876,Low pressure drifted eastward across the Mid-Atlantic along a stalled front. Afternoon showers and thunderstorms erupted in a highly moist and unstable atmosphere. Heavy rain associated with some of the activity caused flash flooding.,"Multiple blocks of Rhode Island Avenue reporting flash flooding.  Also, flash flooding forced closures on West Virginia Avenue, Olive Avenue, Eastern Avenue, and Minnesota Avenue.",CSV
201206,1,1900,201206,1,2100,65601,392686,DISTRICT OF COLUMBIA,11,2012,June,Flash Flood,C,1,DISTRICT OF COLUMBIA,LWX,01-JUN-12 19:00:00,EST-5,01-JUN-12 21:00:00,0,0,0,0,0.00K,0.00K,Broadcast Media,NA,NA,Heavy Rain,NA,NA,NA,NA,NA,NA,NA,NA,1,E,NATIONAL ARBORETUM,1,E,NATIONAL ARBORETUM,38.92,-76.95,38.9185,-76.9586,"Low pressure tracked through the Ohio Valley and into the Great Lakes. The warm front associated with this system passed through our region during the first. Plenty of moisture from the Gulf of Mexico and the Atlantic Ocean combined with strong forcing associated with the warm front, causing thunderstorms to develop. Nearly saturated low levels and training activity supported very heavy rainfall and flash flooding was reported.  The highest rainfall total observed was 2.50 inches.",The New York Avenue exit ramp onto South Dakota Avenue was closed due to flash flooding.  A nearby spotter recorded 1.65 inches of rain.,CSV
201306,28,1510,201306,28,1710,76507,461351,DISTRICT OF COLUMBIA,11,2013,June,Flash Flood,C,1,DISTRICT OF COLUMBIA,LWX,28-JUN-13 15:10:00,EST-5,28-JUN-13 17:10:00,0,0,0,0,0.00K,0.00K,911 Call Center,NA,NA,Heavy Rain,NA,NA,NA,NA,NA,NA,NA,NA,2,N,US CAPITOL,2,N,US CAPITOL,38.9059,-77.015,38.9048,-77.0152,High pressure was anchored off shore while low pressure spun over the Great Lakes.  A shortwave trough moved over the region initiating showers and thunderstorms in vicinity of a surface trough.,There was a car stuck in flood waters in a South Capitol Street underpass.,CSV
201306,28,1806,201306,28,2006,76507,461352,DISTRICT OF COLUMBIA,11,2013,June,Flash Flood,C,1,DISTRICT OF COLUMBIA,LWX,28-JUN-13 18:06:00,EST-5,28-JUN-13 20:06:00,0,0,0,0,0.00K,0.00K,Department of Highways,NA,NA,Heavy Rain,NA,NA,NA,NA,NA,NA,NA,NA,1,SE,BOLLING AFB,1,SE,BOLLING AFB,38.8395,-77.0073,38.8378,-77.0074,High pressure was anchored off shore while low pressure spun over the Great Lakes.  A shortwave trough moved over the region initiating showers and thunderstorms in vicinity of a surface trough.,South Capitol Street was flooded and closed at Interstate 295.,CSV
201307,12,300,201307,12,500,77512,467732,DISTRICT OF COLUMBIA,11,2013,July,Flash Flood,C,1,DISTRICT OF COLUMBIA,LWX,12-JUL-13 03:00:00,EST-5,12-JUL-13 05:00:00,0,0,0,0,0.00K,0.00K,911 Call Center,NA,NA,Heavy Rain,NA,NA,NA,NA,NA,NA,NA,NA,3,W,GEORGETOWN,3,W,GEORGETOWN,38.9161,-77.0968,38.9146,-77.0971,A frontal boundary moved northward and stalled over the Mid-Atlantic/I-95 corridor overnight. An upper level low approached the region and a upper level jet added to enhanced lift in the region. Heavy rain caused a lot of flash flooding with amounts up to seven inches in less than 6 hours recorded near Washington Dulles Airport.,Canal Road was closed due to flooding.,CSV
201305,28,1830,201305,28,2030,75808,457557,DISTRICT OF COLUMBIA,11,2013,May,Flash Flood,C,1,DISTRICT OF COLUMBIA,LWX,28-MAY-13 18:30:00,EST-5,28-MAY-13 20:30:00,0,0,0,0,0.00K,0.00K,Emergency Manager,NA,NA,Heavy Rain,NA,NA,NA,NA,NA,NA,NA,NA,1,SE,BOLLING AFB,1,SE,BOLLING AFB,38.8412,-77.0087,38.8418,-77.0102,"A shortwave trough moved north of the region. Organized convection developed near the I-95 corridor where instability was the greatest. Scattered showers and thunderstorms produced large hail, heavy rainfall and damaging winds.",There was water covering on south bound Capitol Street SE and Malcolm X Ave SE at the Overpass which was closed.,CSV
201307,12,330,201307,12,500,77512,467733,DISTRICT OF COLUMBIA,11,2013,July,Flash Flood,C,1,DISTRICT OF COLUMBIA,LWX,12-JUL-13 03:30:00,EST-5,12-JUL-13 05:00:00,0,0,0,0,0.00K,0.00K,911 Call Center,NA,NA,Heavy Rain,NA,NA,NA,NA,NA,NA,NA,NA,1,N,LINCOLN MEMORIAL,1,N,LINCOLN MEMORIAL,38.8966,-77.0482,38.8958,-77.0485,A frontal boundary moved northward and stalled over the Mid-Atlantic/I-95 corridor overnight. An upper level low approached the region and a upper level jet added to enhanced lift in the region. Heavy rain caused a lot of flash flooding with amounts up to seven inches in less than 6 hours recorded near Washington Dulles Airport.,Virginia Ave NW was closed between 22nd and 24th due to flash flooding.,CSV
201408,12,1050,201408,12,1345,89713,540067,DISTRICT OF COLUMBIA,11,2014,August,Flash Flood,C,1,DISTRICT OF COLUMBIA,LWX,12-AUG-14 10:50:00,EST-5,12-AUG-14 13:45:00,0,0,0,0,0.00K,0.00K,Other Federal Agency,NA,NA,Heavy Rain,NA,NA,NA,NA,NA,NA,NA,NA,1,SW,WALTER REED,1,SW,WALTER REED,38.9734,-77.0386,38.9724,-77.0389,High pressure resided across the east coast while a warm front was located across the Carolinas. Moist air continued to move into the Mid Atlantic as showers intensified ahead of the warm front. Heavy rain produced flooding in parts of the Washington DC and Baltimore Metro Areas.,Rock Creek exceeded its flood stage of 7 feet. There were numerous road closures reported and park areas were flooded throughout the afternoon. The river went above flood stage at 10:50 AM EDT and transitioned to flood. The peak was at 9.89 feet at 6:30 PM EDT and went below flood stage at 11:10 PM EDT.,CSV
201406,10,1036,201406,10,1220,87510,528149,DISTRICT OF COLUMBIA,11,2014,June,Flash Flood,C,1,DISTRICT OF COLUMBIA,LWX,10-JUN-14 10:36:00,EST-5,10-JUN-14 12:20:00,0,0,0,0,0.00K,0.00K,Broadcast Media,NA,NA,Heavy Rain,NA,NA,NA,NA,NA,NA,NA,NA,2,ESE,NATIONAL ARBORETUM,2,ESE,NATIONAL ARBORETUM,38.9123,-76.9337,38.9114,-76.9339,A frontal boundary was located across the region. Warm and humid conditions returned to the Mid Atlantic slow moving showers and thunderstorms produced heavy rainfall in localized areas.,There was high water reported flowing across 295 South of 50 just inside DC limits.,CSV
201506,27,1524,201506,27,2325,97412,586081,DISTRICT OF COLUMBIA,11,2015,June,Flash Flood,C,1,DISTRICT OF COLUMBIA,LWX,27-JUN-15 15:24:00,EST-5,27-JUN-15 23:25:00,0,0,0,0,0.00K,0.00K,River/Stream Gage,NA,NA,Heavy Rain,NA,NA,NA,NA,NA,NA,NA,NA,1,SW,WALTER REED,1,SW,WALTER REED,38.9686,-77.0454,38.9737,-77.0415,"Potent low pressure passed by to our west, and the warm front associated with the low moved through our area during this time. Warm and moist air near and south of the boundary led to an unstable atmosphere, while forcing from the warm front provided the lift. Thunderstorms developed and produced copious amounts of rainfall east of the Blue Ridge Mountains.",The stream gauge on Rock Creek at Rock Creek/Sherrill Drive reached a flood stage of 7 feet. The river crested at 8.20 feet at 17:45 EST. Water reached several portions of the Valley Trail between Picnic Areas 7 and 10 in Rock Creek Park. Water also approached Jewett Street near the Smithsonian National Zoo.,CSV
201606,21,1831,201606,21,1945,107705,645867,DISTRICT OF COLUMBIA,11,2016,June,Flash Flood,C,1,DISTRICT OF COLUMBIA,LWX,21-JUN-16 18:31:00,EST-5,21-JUN-16 19:45:00,0,0,0,0,0.00K,0.00K,Broadcast Media,NA,NA,Heavy Rain,NA,NA,NA,NA,NA,NA,NA,NA,1,NW,MOUNT PLEASANT,1,NW,MOUNT PLEASANT,38.9362,-77.059,38.9367,-77.0593,"A cold front moved into the Mid-Atlantic region and showers and thunderstorms formed on the warm, unstable side of the boundary. Some thunderstorms produced heavy rainfall that led to flooding.",Rushing water entered the Cleveland Park Metro Station from Connecticut Avenue. Flooding was observed inside the metro station.,CSV
201606,21,1831,201606,21,1945,107705,645396,DISTRICT OF COLUMBIA,11,2016,June,Flash Flood,C,1,DISTRICT OF COLUMBIA,LWX,21-JUN-16 18:31:00,EST-5,21-JUN-16 19:45:00,0,0,0,0,0.00K,0.00K,Department of Highways,NA,NA,Heavy Rain,NA,NA,NA,NA,NA,NA,NA,NA,0,NE,MOUNT PLEASANT,1,NNW,MOUNT PLEASANT,38.9339,-77.0462,38.9386,-77.0533,"A cold front moved into the Mid-Atlantic region and showers and thunderstorms formed on the warm, unstable side of the boundary. Some thunderstorms produced heavy rainfall that led to flooding.",Piney Branch Parkway was flooded and closed near Beach Drive. Standing water also affected the northbound lane of Beach Drive.,CSV
201607,19,2215,201607,20,130,108537,650232,DISTRICT OF COLUMBIA,11,2016,July,Flash Flood,C,1,DISTRICT OF COLUMBIA,LWX,19-JUL-16 22:15:00,EST-5,20-JUL-16 01:30:00,0,0,0,0,0.00K,0.00K,Broadcast Media,NA,NA,Heavy Rain,NA,NA,NA,NA,NA,NA,NA,NA,1,N,MOUNT PLEASANT,1,N,MOUNT PLEASANT,38.938,-77.0491,38.9436,-77.0488,A boundary stalled over the area. Warm and humid conditions led to an unstable atmosphere while an upper-level trough passed through the area. The forcing from the boundary front combined with the instability to trigger thunderstorms. Stronger shear from the upper-level trough caused some thunderstorms to become severe. Thunderstorms produced heavy rainfall.,Beach Drive was closed between Broad Branch Road and Piney Branch Parkway due to flooding.,CSV
201607,19,2240,201607,20,130,108537,650233,DISTRICT OF COLUMBIA,11,2016,July,Flash Flood,C,1,DISTRICT OF COLUMBIA,LWX,19-JUL-16 22:40:00,EST-5,20-JUL-16 01:30:00,0,0,0,0,0.00K,0.00K,Emergency Manager,NA,NA,Heavy Rain,NA,NA,NA,NA,NA,NA,NA,NA,1,SW,BROOKLAND,1,SW,BROOKLAND,38.914,-77.0164,38.9144,-77.0166,A boundary stalled over the area. Warm and humid conditions led to an unstable atmosphere while an upper-level trough passed through the area. The forcing from the boundary front combined with the instability to trigger thunderstorms. Stronger shear from the upper-level trough caused some thunderstorms to become severe. Thunderstorms produced heavy rainfall.,Rhone Island Avenue was closed at the 400-500 block of Rhode Island Avenue due to high water.,CSV
201708,1,1822,201708,1,2000,118963,714600,DISTRICT OF COLUMBIA,11,2017,August,Flash Flood,C,1,DISTRICT OF COLUMBIA,LWX,01-AUG-17 18:22:00,EST-5,01-AUG-17 20:00:00,0,0,0,0,0.00K,0.00K,Broadcast Media,NA,NA,Heavy Rain,NA,NA,NA,NA,NA,NA,NA,NA,1,NE,TENLEYTOWN,1,ENE,TENLEYTOWN,38.9564,-77.0594,38.9532,-77.0565,"Isolated afternoon and evening thunderstorms created flooding that intensified to flash flooding in Northwest Washington, DC during the evening of August 1st.",The earlier flooding intensified and water rapidly spilled onto Broad Branch Road between 27th Street and Grant Road. This water was deep enough to force a road closure.,CSV
201708,15,1035,201708,15,1200,118967,714650,DISTRICT OF COLUMBIA,11,2017,August,Flash Flood,C,1,DISTRICT OF COLUMBIA,LWX,15-AUG-17 10:35:00,EST-5,15-AUG-17 12:00:00,0,0,0,0,0.00K,0.00K,911 Call Center,NA,NA,Heavy Rain,NA,NA,NA,NA,NA,NA,NA,NA,1,SW,TENLEYTOWN,1,WSW,TENLEYTOWN,38.9433,-77.0823,38.9433,-77.0874,"Heavy rain developed in the morning of August 15th, as a warm front was forced northward into the region, ahead of Hurricane Gert. The heavy rain produced flash flooding in Northwest DC during the midday hours.",High water due to torrential rain reported in the 4500 block of Van Ness Street NW.,CSV
201708,15,1050,201708,15,1300,118967,714652,DISTRICT OF COLUMBIA,11,2017,August,Flash Flood,C,1,DISTRICT OF COLUMBIA,LWX,15-AUG-17 10:50:00,EST-5,15-AUG-17 13:00:00,0,0,0,0,0.00K,0.00K,911 Call Center,NA,NA,Heavy Rain,NA,NA,NA,NA,NA,NA,NA,NA,1,E,TENLEYTOWN,1,E,TENLEYTOWN,38.9522,-77.0554,38.9494,-77.0526,"Heavy rain developed in the morning of August 15th, as a warm front was forced northward into the region, ahead of Hurricane Gert. The heavy rain produced flash flooding in Northwest DC during the midday hours.",Broad Branch Road flooded and closed due to flash flooding on Broad Branch near Brandywine Street NW.,CSV
201708,18,1755,201708,18,2000,118970,715716,DISTRICT OF COLUMBIA,11,2017,August,Flash Flood,C,1,DISTRICT OF COLUMBIA,LWX,18-AUG-17 17:55:00,EST-5,18-AUG-17 20:00:00,0,0,0,0,0.00K,0.00K,Broadcast Media,NA,NA,Heavy Rain,NA,NA,NA,NA,NA,NA,NA,NA,1,NNE,TENLEYTOWN,1,NE,TENLEYTOWN,38.9579,-77.0641,38.9567,-77.0588,"Heavy rain developed late in the afternoon of August 18th, primarily in the Broad Branch and Rock Creek stream basins northwest of Washington, DC. This heavy rain caused isolated flash flooding in Northwest DC during the evening hours.","Torrential rain brought Broad Branch out of its banks, causing six to eight inches of water to flow across Broad Branch Road between 32nd Street NW and Brandywine Street NW.",CSV
201708,18,1804,201708,18,1845,118970,715717,DISTRICT OF COLUMBIA,11,2017,August,Flash Flood,C,1,DISTRICT OF COLUMBIA,LWX,18-AUG-17 18:04:00,EST-5,18-AUG-17 18:45:00,0,0,0,0,0.00K,0.00K,Fire Department/Rescue,NA,NA,Heavy Rain,NA,NA,NA,NA,NA,NA,NA,NA,1,N,MOUNT PLEASANT,1,N,MOUNT PLEASANT,38.9401,-77.0517,38.9395,-77.0519,"Heavy rain developed late in the afternoon of August 18th, primarily in the Broad Branch and Rock Creek stream basins northwest of Washington, DC. This heavy rain caused isolated flash flooding in Northwest DC during the evening hours.",A van became trapped in high water caused by torrential rainfall near the intersection of Tilden Street NW and Beach Drive NW. This necessitated a water rescue.,CSV
201708,18,1850,201708,18,2030,118970,715718,DISTRICT OF COLUMBIA,11,2017,August,Flash Flood,C,1,DISTRICT OF COLUMBIA,LWX,18-AUG-17 18:50:00,EST-5,18-AUG-17 20:30:00,0,0,0,0,0.00K,0.00K,Broadcast Media,NA,NA,Heavy Rain,NA,NA,NA,NA,NA,NA,NA,NA,0,W,GEORGETOWN,0,W,GEORGETOWN,38.9201,-77.0516,38.9194,-77.0539,"Heavy rain developed late in the afternoon of August 18th, primarily in the Broad Branch and Rock Creek stream basins northwest of Washington, DC. This heavy rain caused isolated flash flooding in Northwest DC during the evening hours.",Rock Creek and Potomac Parkway flooded and closed near Connecticut Avenue NW.,CSV
201707,28,1321,201707,28,1745,118015,709533,DISTRICT OF COLUMBIA,11,2017,July,Flash Flood,C,1,DISTRICT OF COLUMBIA,LWX,28-JUL-17 13:21:00,EST-5,28-JUL-17 17:45:00,0,0,0,0,0.00K,0.00K,River/Stream Gage,NA,NA,Heavy Rain,NA,NA,NA,NA,NA,NA,NA,NA,1,SW,WALTER REED,1,SW,WALTER REED,38.9695,-77.0477,38.9703,-77.0439,A strong upper level low interacted with a frontal boundary near the Mid-Atlantic region and low pressure formed along the boundary. High moisture content and thunderstorms led to widespread flooding across the Mid-Atlantic region.,The stream gauge on Rock Creek at Rock Creek/Sherrill Drive exceeded the flood stage of 7 feet. It peaked at 8.36 feet at 23:30 EST. Water reached several portions of the Valley Trail between Picnic Areas 7 and 10 in Rock Creek Park.,CSV
201707,28,1145,201707,28,1445,118015,711814,DISTRICT OF COLUMBIA,11,2017,July,Flash Flood,C,1,DISTRICT OF COLUMBIA,LWX,28-JUL-17 11:45:00,EST-5,28-JUL-17 14:45:00,0,0,0,0,0.00K,0.00K,Broadcast Media,NA,NA,Heavy Rain,NA,NA,NA,NA,NA,NA,NA,NA,1,SSW,WALTER REED,2,SSW,WALTER REED,38.96,-77.04,38.9597,-77.0415,A strong upper level low interacted with a frontal boundary near the Mid-Atlantic region and low pressure formed along the boundary. High moisture content and thunderstorms led to widespread flooding across the Mid-Atlantic region.,Beach Drive was closed in the vicinity of Military Road due to flash flooding of Rock Creek. Joyce Road was also flooded in the same area.,CSV
201804,16,341,201804,16,538,125669,753695,DISTRICT OF COLUMBIA,11,2018,April,Flash Flood,C,1,DISTRICT OF COLUMBIA,LWX,16-APR-18 03:41:00,EST-5,16-APR-18 05:38:00,0,0,0,0,0.00K,0.00K,River/Stream Gage,NA,NA,Heavy Rain,NA,NA,NA,NA,NA,NA,NA,NA,1,WNW,WALTER REED,1,SW,WALTER REED,38.9862,-77.0528,38.9713,-77.045,"Low pressure and its associated cold front passed through during the early morning hours of April 16th. Heavy rain of 1.5 to 2 inches fell in the District, causing flash flooding followed by flooding of Rock Creek which continued into early afternoon.","Water levels on Rock Creek rapidly rose above the 7 foot flood stage, causing flooding within Rock Creek Park in the District.",CSV
201807,25,1809,201807,25,1915,128279,774498,DISTRICT OF COLUMBIA,11,2018,July,Flash Flood,C,1,DISTRICT OF COLUMBIA,LWX,25-JUL-18 18:09:00,EST-5,25-JUL-18 19:15:00,0,0,0,0,0.00K,0.00K,Broadcast Media,NA,NA,Heavy Rain,NA,NA,NA,NA,NA,NA,NA,NA,1,NE,TENLEYTOWN,1,ENE,TENLEYTOWN,38.9563,-77.0589,38.9538,-77.057,Locally heavy rain fell in Washington DC on the afternoon of July 25th. This caused flash flooding at rush hour in the metro area.,High rushing water reported over Broad Branch Road in Northwest DC with Broad Branch out of its banks.,CSV
201807,25,1849,201807,25,2000,128279,774502,DISTRICT OF COLUMBIA,11,2018,July,Flash Flood,C,1,DISTRICT OF COLUMBIA,LWX,25-JUL-18 18:49:00,EST-5,25-JUL-18 20:00:00,0,0,0,0,0.00K,0.00K,Broadcast Media,NA,NA,Heavy Rain,NA,NA,NA,NA,NA,NA,NA,NA,1,ENE,TENLEYTOWN,1,ENE,TENLEYTOWN,38.9537,-77.0565,38.9536,-77.0562,Locally heavy rain fell in Washington DC on the afternoon of July 25th. This caused flash flooding at rush hour in the metro area.,A mail truck overturned in swift water on Broad Branch Road in Northwest DC near the Davenport Street/Grant Road intersection. The occupant was rescued.,CSV
201807,25,1831,201807,25,2000,128279,774503,DISTRICT OF COLUMBIA,11,2018,July,Flash Flood,C,1,DISTRICT OF COLUMBIA,LWX,25-JUL-18 18:31:00,EST-5,25-JUL-18 20:00:00,0,0,0,0,0.00K,0.00K,Law Enforcement,NA,NA,Heavy Rain,NA,NA,NA,NA,NA,NA,NA,NA,2,SSE,DALECARLIA RESERVOIR,2,SSE,DALECARLIA RESERVOIR,38.9197,-77.1011,38.9195,-77.101,Locally heavy rain fell in Washington DC on the afternoon of July 25th. This caused flash flooding at rush hour in the metro area.,Canal Road NW flooded and closed between Arizona Avenue and MacArthur Boulevard.,CSV
201807,25,1824,201807,25,1947,128279,781509,DISTRICT OF COLUMBIA,11,2018,July,Flash Flood,C,1,DISTRICT OF COLUMBIA,LWX,25-JUL-18 18:24:00,EST-5,25-JUL-18 19:47:00,0,0,0,0,0.00K,0.00K,River/Stream Gage,NA,NA,Heavy Rain,NA,NA,NA,NA,NA,NA,NA,NA,1,WSW,WALTER REED,1,SW,WALTER REED,38.9765,-77.041,38.9675,-77.0474,Locally heavy rain fell in Washington DC on the afternoon of July 25th. This caused flash flooding at rush hour in the metro area.,"The USGS stream gage on Rock Creek at Sherrill Drive rapidly exceeded the 7 foot flood stage due to torrential rain, flooding the Valley Trail and other portions of Rock Creek Park. The peak level of 7.99 feet was observed at 6:45pm EST.",CSV
201809,7,1800,201809,7,2000,131580,787119,DISTRICT OF COLUMBIA,11,2018,September,Flash Flood,C,1,DISTRICT OF COLUMBIA,LWX,07-SEP-18 18:00:00,EST-5,07-SEP-18 20:00:00,0,0,0,0,0.00K,0.00K,911 Call Center,NA,NA,Heavy Rain,NA,NA,NA,NA,NA,NA,NA,NA,1,SSE,GEORGETOWN,1,SSE,GEORGETOWN,38.9065,-77.0422,38.9005,-77.0405,"A boundary remain stalled over the region and tropical moisture was in place. This caused locally heavy rainfall. The steering flow aloft was weak so showers and storms moved slowly, which led to instances of flooding and flash flooding.","Five locations were blocked by high water in Southwest DC. Several cars became stranded. The locations were 17th Street and New York Avenue, 17th street and Constitution Avenue, 18th Street and Virginia Avenue, and 18th Street at D and E Streets.",CSV
201907,8,758,201907,8,1200,140101,842878,DISTRICT OF COLUMBIA,11,2019,July,Flash Flood,C,1,DISTRICT OF COLUMBIA,LWX,08-JUL-19 07:58:00,EST-5,08-JUL-19 12:00:00,0,0,0,0,500.00K,0.00K,Broadcast Media,NA,NA,Heavy Rain,NA,NA,NA,NA,NA,NA,NA,NA,2,SSE,DALECARLIA RESERVOIR,2,SSE,DALECARLIA RESERVOIR,38.9182,-77.1005,38.919,-77.0995,"A nearly stationary boundary set up near the Potomac River weak low pressure developed along the boundary. There was plenty of moisture in place from the Atlantic and Gulf of Mexico, and this combined with instability to produce very heavy rainfall rates in convection that developed. Convection was maximized around the boundary across around Washington DC, and this led to several instances of flooding and flash flooding.",Numerous vehicles were submerged on Canal Road NW near Fletches Cove Boathouse. Drivers were stranded on vehicle roof tops. Some swam to safety and others were escorted to safety by Fire and EMS.,CSV
202009,10,1355,202009,10,1358,152226,922005,DISTRICT OF COLUMBIA,11,2020,September,Flash Flood,C,1,DISTRICT OF COLUMBIA,LWX,10-SEP-20 13:55:00,EST-5,10-SEP-20 13:58:00,0,0,0,0,0.00K,0.00K,River/Stream Gage,NA,NA,Heavy Rain,NA,NA,NA,NA,NA,NA,NA,NA,2,NNE,BENNING,2,NNE,BENNING,38.9022,-76.9426,38.902,-76.9423,"A surface trough between an approaching cold front from the west and a tropical disturbance offshore resulted in a band of heavy showers and thunderstorms along the I-95 corridor on the afternoon/evening of 9/10, resulting in multiple instances flooding and flash flooding.",The water level along Watts Branch rapidly rose above flood stage. Minnesota Avenue was flooded near Nannie Helen Burroughs Drive.,CSV
202009,10,1216,202009,10,1500,152226,920746,DISTRICT OF COLUMBIA,11,2020,September,Flash Flood,C,1,DISTRICT OF COLUMBIA,LWX,10-SEP-20 12:16:00,EST-5,10-SEP-20 15:00:00,0,0,0,0,0.00K,0.00K,Broadcast Media,NA,NA,Heavy Rain,NA,NA,NA,NA,NA,NA,NA,NA,1,NE,TENLEYTOWN,1,NE,TENLEYTOWN,38.9567,-77.0583,38.9572,-77.0574,"A surface trough between an approaching cold front from the west and a tropical disturbance offshore resulted in a band of heavy showers and thunderstorms along the I-95 corridor on the afternoon/evening of 9/10, resulting in multiple instances flooding and flash flooding.",Approximately six to eight inches of water was flowing across Broad Branch Road Northwest.,CSV
202009,10,1302,202009,10,1500,152226,920748,DISTRICT OF COLUMBIA,11,2020,September,Flash Flood,C,1,DISTRICT OF COLUMBIA,LWX,10-SEP-20 13:02:00,EST-5,10-SEP-20 15:00:00,0,0,0,0,0.00K,0.00K,Broadcast Media,NA,NA,Heavy Rain,NA,NA,NA,NA,NA,NA,NA,NA,0,S,BROOKLAND,0,S,BROOKLAND,38.9269,-77.0008,38.9269,-77.0003,"A surface trough between an approaching cold front from the west and a tropical disturbance offshore resulted in a band of heavy showers and thunderstorms along the I-95 corridor on the afternoon/evening of 9/10, resulting in multiple instances flooding and flash flooding.",Six to eight inches of water was flowing down on Fourth Street Northeast in Edgewood.,CSV
202009,10,1330,202009,10,1500,152226,920750,DISTRICT OF COLUMBIA,11,2020,September,Flash Flood,C,1,DISTRICT OF COLUMBIA,LWX,10-SEP-20 13:30:00,EST-5,10-SEP-20 15:00:00,0,0,0,0,50.00K,0.00K,Fire Department/Rescue,NA,NA,Heavy Rain,NA,NA,NA,NA,NA,NA,NA,NA,1,SSE,BROOKLAND,1,SSE,BROOKLAND,38.9211,-76.9929,38.9236,-76.9947,"A surface trough between an approaching cold front from the west and a tropical disturbance offshore resulted in a band of heavy showers and thunderstorms along the I-95 corridor on the afternoon/evening of 9/10, resulting in multiple instances flooding and flash flooding.",Multiple vehicles were trapped in high water near Rhode Island Avenue Northeast in the underpass.,CSV
202009,10,1300,202009,10,1500,152226,920747,DISTRICT OF COLUMBIA,11,2020,September,Flash Flood,C,1,DISTRICT OF COLUMBIA,LWX,10-SEP-20 13:00:00,EST-5,10-SEP-20 15:00:00,0,0,0,0,50.00K,0.00K,Fire Department/Rescue,NA,NA,Heavy Rain,NA,NA,NA,NA,NA,NA,NA,NA,1,SW,NATIONAL ARBORETUM,1,SW,NATIONAL ARBORETUM,38.9108,-76.9864,38.9107,-76.9861,"A surface trough between an approaching cold front from the west and a tropical disturbance offshore resulted in a band of heavy showers and thunderstorms along the I-95 corridor on the afternoon/evening of 9/10, resulting in multiple instances flooding and flash flooding.",Two vehicles were trapped in high water near the Intersection of Mount Olivet Road and Capitol Avenue.,CSV
202009,10,1312,202009,10,1514,152226,920749,DISTRICT OF COLUMBIA,11,2020,September,Flash Flood,C,1,DISTRICT OF COLUMBIA,LWX,10-SEP-20 13:12:00,EST-5,10-SEP-20 15:14:00,0,0,0,0,0.00K,0.00K,River/Stream Gage,NA,NA,Heavy Rain,NA,NA,NA,NA,NA,NA,NA,NA,1,SW,WALTER REED,1,WSW,WALTER REED,38.9674,-77.0473,38.9775,-77.0411,"A surface trough between an approaching cold front from the west and a tropical disturbance offshore resulted in a band of heavy showers and thunderstorms along the I-95 corridor on the afternoon/evening of 9/10, resulting in multiple instances flooding and flash flooding.",The water level along Rock Creek at Sherrill Drive rapidly rose above minor flood stage. Water reached several portions of the Valley Trail between picnic areas seven and ten in Rock Creek Park.||The water level remained above flood stage until 11:34 PM EST and it crested at 10.79 feet at 6:30 PM EST.,CSV
202107,1,1440,202107,1,1700,159815,965984,DISTRICT OF COLUMBIA,11,2021,July,Flash Flood,C,1,DISTRICT OF COLUMBIA,LWX,01-JUL-21 14:40:00,EST-5,01-JUL-21 17:00:00,0,0,0,0,0.00K,0.00K,Broadcast Media,NA,NA,Heavy Rain,NA,NA,NA,NA,NA,NA,NA,NA,2,NNE,BENNING,2,NNE,BENNING,38.9017,-76.9408,38.9012,-76.9412,"A southerly flow allowed for plenty of moisture ahead of a cold front. The moisture along with an unstable atmosphere caused heavy rain to be associated with thunderstorms, and this led to instances of flash flooding.",All lanes of Nannie Helen Burroughs Avenue Northeast were blocked by high water at the DC-295 Anacostia Beltway.,CSV
202107,1,1505,202107,1,1705,159815,965986,DISTRICT OF COLUMBIA,11,2021,July,Flash Flood,C,1,DISTRICT OF COLUMBIA,LWX,01-JUL-21 15:05:00,EST-5,01-JUL-21 17:05:00,0,0,0,0,0.00K,0.00K,Broadcast Media,NA,NA,Heavy Rain,NA,NA,NA,NA,NA,NA,NA,NA,1,NW,BENNING,1,NW,BENNING,38.8898,-76.962,38.8896,-76.9618,"A southerly flow allowed for plenty of moisture ahead of a cold front. The moisture along with an unstable atmosphere caused heavy rain to be associated with thunderstorms, and this led to instances of flash flooding.",All lanes of East Capitol Street were blocked by flooding at the DC-295 Anacostia Freeway.,CSV
202107,1,1515,202107,1,1715,159815,965987,DISTRICT OF COLUMBIA,11,2021,July,Flash Flood,C,1,DISTRICT OF COLUMBIA,LWX,01-JUL-21 15:15:00,EST-5,01-JUL-21 17:15:00,0,0,0,0,0.00K,0.00K,Broadcast Media,NA,NA,Heavy Rain,NA,NA,NA,NA,NA,NA,NA,NA,2,ESE,NATIONAL ARBORETUM,2,ESE,NATIONAL ARBORETUM,38.9099,-76.9313,38.91,-76.9311,"A southerly flow allowed for plenty of moisture ahead of a cold front. The moisture along with an unstable atmosphere caused heavy rain to be associated with thunderstorms, and this led to instances of flash flooding.",All lanes of Eastern Avenue Northeast were blocked by flooding near Minnesota Avenue Northeast and Addison Road.,CSV
202108,16,2321,202108,17,115,161925,980407,DISTRICT OF COLUMBIA,11,2021,August,Flash Flood,C,1,DISTRICT OF COLUMBIA,LWX,16-AUG-21 23:21:00,EST-5,17-AUG-21 01:15:00,0,0,0,0,0.00K,0.00K,Department of Highways,NA,NA,Heavy Rain,NA,NA,NA,NA,NA,NA,NA,NA,1,ENE,TENLEYTOWN,1,ENE,TENLEYTOWN,38.9534,-77.0563,38.9543,-77.0546,A boundary remain draped overhead while a deep southerly flow ushered in plenty of moisture. Showers and thunderstorms resulted in heavy rainfall that led to an instance of flash flooding.,Broad Branch Road NW was closed both ways around Brandywine Street NW.,CSV
202108,20,731,202108,20,905,162667,982207,DISTRICT OF COLUMBIA,11,2021,August,Flash Flood,C,1,DISTRICT OF COLUMBIA,LWX,20-AUG-21 07:31:00,EST-5,20-AUG-21 09:05:00,0,0,0,0,0.00K,0.00K,911 Call Center,NA,NA,Heavy Rain,NA,NA,NA,NA,NA,NA,NA,NA,1,WSW,WALTER REED,1,ESE,NATIONAL ARBORETUM,38.9746,-77.0461,38.9143,-76.9543,"A weak boundary tapped into plenty of moisture and instability for showers and thunderstorms. Weak winds aloft caused slow moving storms, which led to instance of flooding and flash flooding.",Dozens of reports of roads closed were received in the District of Columbia due to high water.,CSV
202108,20,818,202108,20,900,162667,982210,DISTRICT OF COLUMBIA,11,2021,August,Flash Flood,C,1,DISTRICT OF COLUMBIA,LWX,20-AUG-21 08:18:00,EST-5,20-AUG-21 09:00:00,0,0,0,0,0.00K,0.00K,911 Call Center,NA,NA,Heavy Rain,NA,NA,NA,NA,NA,NA,NA,NA,1,NNE,US CAPITOL,1,NNE,US CAPITOL,38.8946,-77.015,38.895,-77.015,"A weak boundary tapped into plenty of moisture and instability for showers and thunderstorms. Weak winds aloft caused slow moving storms, which led to instance of flooding and flash flooding.",Dozens of reports of roads closed were received in the District of Columbia due to high water.,CSV
202108,20,758,202108,20,900,162667,982203,DISTRICT OF COLUMBIA,11,2021,August,Flash Flood,C,1,DISTRICT OF COLUMBIA,LWX,20-AUG-21 07:58:00,EST-5,20-AUG-21 09:00:00,0,0,0,0,0.00K,0.00K,Trained Spotter,NA,NA,Heavy Rain,NA,NA,NA,NA,NA,NA,NA,NA,2,NNW,ANACOSTIA,2,NNW,ANACOSTIA,38.8948,-76.9774,38.8948,-76.9771,"A weak boundary tapped into plenty of moisture and instability for showers and thunderstorms. Weak winds aloft caused slow moving storms, which led to instance of flooding and flash flooding.",There was over a foot of water flowing at the intersection of 19th Street NE and D Street NE. Manhole covers were removed from the street.,CSV
202109,1,329,202109,1,529,163273,985679,DISTRICT OF COLUMBIA,11,2021,September,Flash Flood,C,1,DISTRICT OF COLUMBIA,LWX,01-SEP-21 03:29:00,EST-5,01-SEP-21 05:29:00,0,0,0,0,0.00K,0.00K,Broadcast Media,NA,NA,Heavy Rain,NA,NA,NA,NA,NA,NA,NA,NA,1,N,MOUNT PLEASANT,1,E,TENLEYTOWN,38.9444,-77.0503,38.9504,-77.0479,The remnants of Ida produced instances of flooding and flash flooding across the area. Tropical moisture infiltrated the area and there were moderate amounts of instability as well. This combined with the lift provided from the remnants of Ida led to heavy rainfall during this time. Rainfall amounts averaged around 1-3.,Broad Branch Drive Northwest was washed out between Davenport Street Northwest and Ridge Road Northwest. Trees and boulders were floating across where the roadway used to be.,CSV
202208,5,1624,202208,5,1730,170795,1036237,DISTRICT OF COLUMBIA,11,2022,August,Flash Flood,C,1,DISTRICT OF COLUMBIA,LWX,05-AUG-22 16:24:00,EST-5,05-AUG-22 17:30:00,0,0,0,0,0.00K,0.00K,911 Call Center,NA,NA,Heavy Rain,NA,NA,NA,NA,NA,NA,NA,NA,1,N,BENNING,1,N,BENNING,38.8954,-76.9517,38.8963,-76.9506,Numerous showers and thunderstorms developed during the afternoon and evening of the 5th. Slow storm movement led to some instances of flooding and flash flooding.,Approximately three feet of standing water was located along Minnesota Avenue due to flooding. Rhode Island NW was impassable near the metro due to flooding as well.,CSV
202208,10,1633,202208,10,1825,171735,1042485,DISTRICT OF COLUMBIA,11,2022,August,Flash Flood,C,1,DISTRICT OF COLUMBIA,LWX,10-AUG-22 16:33:00,EST-5,10-AUG-22 18:25:00,0,0,0,0,0.00K,0.00K,911 Call Center,NA,NA,Heavy Rain,NA,NA,NA,NA,NA,NA,NA,NA,1,S,BROOKLAND,1,SSE,BROOKLAND,38.9201,-77.0004,38.922,-76.9956,"A weak boundary remained overhead while anomalous amounts of moisture remained in place along with moderate instability. Thunderstorms caused heavy rainfall, and with a slow storm motion this led to instances of flooding and flash flooding.",A water rescue occurred around the 600 Block of Rhode Island Avenue NE. Water was over three feet with occupants trapped on the roof of the vehicle. Water was also entering businesses along Rhode Island Avenue.,CSV
202207,2,2330,202207,3,145,169396,1026020,DISTRICT OF COLUMBIA,11,2022,July,Flash Flood,C,1,DISTRICT OF COLUMBIA,LWX,02-JUL-22 23:30:00,EST-5,03-JUL-22 01:45:00,0,0,0,0,0.00K,0.00K,911 Call Center,NA,NA,Heavy Rain,NA,NA,NA,NA,NA,NA,NA,NA,1,SW,WALTER REED,1,SW,WALTER REED,38.9669,-77.0479,38.9689,-77.0424,"A cold front dropped down from the north, causing showers and thunderstorms to develop. The storm motion was nearly parallel to the boundary, causing some storms to train over the same area. This led to instances of flooding and flash flooding.",There was a rapid rise along the Rock Creek of several feet within an hour. The water level crested at 9.12 feet at 12:15 AM EST. The water level did not fall below flood stage until 8:45 AM on the 3rd of July. ||Water reached several portions of the Valley Trail between picnic areas 7 and 10 in Rock Creek Park.,CSV
202207,3,44,202207,3,144,169396,1026021,DISTRICT OF COLUMBIA,11,2022,July,Flash Flood,C,1,DISTRICT OF COLUMBIA,LWX,03-JUL-22 00:44:00,EST-5,03-JUL-22 01:44:00,0,0,0,0,0.00K,0.00K,Fire Department/Rescue,NA,NA,Heavy Rain,NA,NA,NA,NA,NA,NA,NA,NA,0,NNE,MOUNT PLEASANT,1,N,MOUNT PLEASANT,38.9351,-77.048,38.9373,-77.0486,"A cold front dropped down from the north, causing showers and thunderstorms to develop. The storm motion was nearly parallel to the boundary, causing some storms to train over the same area. This led to instances of flooding and flash flooding.",Numerous vehicles were stranded in high water. Rock Creek was flowing over Beach Drive Northwest between Porter Street and Piney Branch Parkway Northwest.,CSV
202207,9,252,202207,9,258,169753,1027994,DISTRICT OF COLUMBIA,11,2022,July,Flash Flood,C,1,DISTRICT OF COLUMBIA,LWX,09-JUL-22 02:52:00,EST-5,09-JUL-22 02:58:00,0,0,0,0,0.00K,0.00K,911 Call Center,NA,NA,Heavy Rain,NA,NA,NA,NA,NA,NA,NA,NA,2,WSW,GEORGETOWN,2,WSW,GEORGETOWN,38.9056,-77.0803,38.9045,-77.0814,"A weak cold front slowly moved through the area later on the 8th into the 9th. A wave of low pressure tracked along the front, passing through the area during that time. Plenty of moisture ahead of the boundary along with moderate instability led to areas of heavy rainfall. The slower storm motion and training storms led to areas of flooding and flash flooding.",Canal Road NW was closed between Foxhall Road NW and Arizona Avenue NW due to high water.,CSV
202207,9,146,202207,9,258,169753,1028058,DISTRICT OF COLUMBIA,11,2022,July,Flash Flood,C,1,DISTRICT OF COLUMBIA,LWX,09-JUL-22 01:46:00,EST-5,09-JUL-22 02:58:00,0,0,0,0,0.00K,0.00K,911 Call Center,NA,NA,Heavy Rain,NA,NA,NA,NA,NA,NA,NA,NA,1,SSW,GEORGETOWN,1,SSW,GEORGETOWN,38.9013,-77.0576,38.901,-77.0568,"A weak cold front slowly moved through the area later on the 8th into the 9th. A wave of low pressure tracked along the front, passing through the area during that time. Plenty of moisture ahead of the boundary along with moderate instability led to areas of heavy rainfall. The slower storm motion and training storms led to areas of flooding and flash flooding.",Rock Creek Parkway northbound was closed between I-66 and K Street NW due to high water.,CSV
202207,9,221,202207,9,258,169753,1028063,DISTRICT OF COLUMBIA,11,2022,July,Flash Flood,C,1,DISTRICT OF COLUMBIA,LWX,09-JUL-22 02:21:00,EST-5,09-JUL-22 02:58:00,0,0,0,0,0.00K,0.00K,911 Call Center,NA,NA,Heavy Rain,NA,NA,NA,NA,NA,NA,NA,NA,1,NE,US CAPITOL,1,NE,US CAPITOL,38.8859,-77.0129,38.8863,-77.0124,"A weak cold front slowly moved through the area later on the 8th into the 9th. A wave of low pressure tracked along the front, passing through the area during that time. Plenty of moisture ahead of the boundary along with moderate instability led to areas of heavy rainfall. The slower storm motion and training storms led to areas of flooding and flash flooding.",Flooding was reported along I-395 around the 3rd street tunnel.,CSV
202207,9,230,202207,9,258,169753,1028065,DISTRICT OF COLUMBIA,11,2022,July,Flash Flood,C,1,DISTRICT OF COLUMBIA,LWX,09-JUL-22 02:30:00,EST-5,09-JUL-22 02:58:00,0,0,0,0,0.00K,0.00K,911 Call Center,NA,NA,Heavy Rain,NA,NA,NA,NA,NA,NA,NA,NA,1,WSW,WALTER REED,1,WSW,WALTER REED,38.976,-77.0396,38.976,-77.0416,"A weak cold front slowly moved through the area later on the 8th into the 9th. A wave of low pressure tracked along the front, passing through the area during that time. Plenty of moisture ahead of the boundary along with moderate instability led to areas of heavy rainfall. The slower storm motion and training storms led to areas of flooding and flash flooding.",The water level along Rock Creek rapidly rose above flood stage. Water covered several portions of the Valley Trail between picnic areas 7 and 10 along Rock Creek. Flooding continued until 7:30 AM EST.,CSV
202206,2,1700,202206,2,1725,168220,1018285,DISTRICT OF COLUMBIA,11,2022,June,Flash Flood,C,1,DISTRICT OF COLUMBIA,LWX,02-JUN-22 17:00:00,EST-5,02-JUN-22 17:25:00,0,0,0,0,0.00K,0.00K,911 Call Center,NA,NA,Heavy Rain,NA,NA,NA,NA,NA,NA,NA,NA,1,NE,TENLEYTOWN,1,ENE,TENLEYTOWN,38.9566,-77.0587,38.9565,-77.0565,"A cold front slowly approached during the afternoon of the 2nd before passing through that night. Showers and thunderstorms developed ahead of the front. There were multiple rounds of thunderstorms, so despite faster storm motion there were a few instances of flooding and flash flooding.",Broad Branch Road was closed due to flooding between Beach Drive and 27th Street Northwest.,CSV
202308,14,1612,202308,14,1800,182245,1113138,DISTRICT OF COLUMBIA,11,2023,August,Flash Flood,C,1,DISTRICT OF COLUMBIA,LWX,14-AUG-23 16:12:00,EST-5,14-AUG-23 18:00:00,0,0,0,0,0.00K,0.00K,911 Call Center,NA,NA,Heavy Rain,NA,NA,NA,NA,NA,NA,NA,NA,1,SW,NATIONAL ARBORETUM,1,SW,NATIONAL ARBORETUM,38.9099,-76.9835,38.9099,-76.9829,"A warm front passed through the area. The combination of increasing moisture throughout all levels of the atmosphere, forcing from the warm front, and an  unstable atmosphere caused heavy showers and thunderstorms to develop. These storms trained over a few areas including Washington DC, resulting in instances of flash flooding.",There was a water rescue involving multiple vehicles on Mount Olivet Road NE.,CSV
202308,14,1613,202308,14,1800,182245,1113149,DISTRICT OF COLUMBIA,11,2023,August,Flash Flood,C,1,DISTRICT OF COLUMBIA,LWX,14-AUG-23 16:13:00,EST-5,14-AUG-23 18:00:00,0,0,0,0,0.00K,0.00K,911 Call Center,NA,NA,Heavy Rain,NA,NA,NA,NA,NA,NA,NA,NA,1,SSE,BROOKLAND,1,S,BROOKLAND,38.9219,-76.9955,38.9212,-77,"A warm front passed through the area. The combination of increasing moisture throughout all levels of the atmosphere, forcing from the warm front, and an  unstable atmosphere caused heavy showers and thunderstorms to develop. These storms trained over a few areas including Washington DC, resulting in instances of flash flooding.",There was a water rescue involving multiple Vehicles in the 600 Block of Rhode Island Avenue NE. A building was flooded and ten dogs perished due to the flooding along the 600 Block of Rhode Island Avenue.,CSV
202309,9,1400,202309,9,1600,183618,1122381,DISTRICT OF COLUMBIA,11,2023,September,Flash Flood,C,1,DISTRICT OF COLUMBIA,LWX,09-SEP-23 14:00:00,EST-5,09-SEP-23 16:00:00,0,0,0,0,0.00K,0.00K,911 Call Center,NA,NA,Heavy Rain,NA,NA,NA,NA,NA,NA,NA,NA,1,SSW,ANACOSTIA,1,SSW,ANACOSTIA,38.8535,-76.9836,38.8598,-76.9729,An isolated instance of flash flooding occurred due to heavy rain associated with showers and thunderstorms.,"Several roads were blocked by a few feet of standing water, including Stanton Road Southeast and Suitland Parkway, 11th Street Northeast and K Street Northeast. C Street Southeast and Kentucky Avenue Southeast were also blocked by high water.",CSV
