"","State","County","Year","Median.Income"
"1","va","MADISON County",1997,34947
"2","va","MADISON County",1998,36986
"3","va","MADISON County",1999,38440
"4","va","MADISON County",2001,40397
"5","va","MADISON County",2003,41005
"6","va","MADISON County",2004,42948
"7","va","MADISON County",2010,49389
"8","va","MADISON County",2011,52116
"9","va","MADISON County",2012,51094
"10","va","MADISON County",2018,60450
"11","va","MADISON County",2021,67527
"12","va","NELSON County",1997,31817
"13","va","NELSON County",1998,33943
"14","va","NELSON County",1999,35492
"15","va","NELSON County",2000,37565
"16","va","NELSON County",2001,37062
"17","va","NELSON County",2002,37513
"18","va","NELSON County",2003,38719
"19","va","NELSON County",2004,40000
"20","va","NELSON County",2006,42761
"21","va","NELSON County",2008,45551
"22","va","NELSON County",2010,47368
"23","va","NELSON County",2011,46055
"24","va","NELSON County",2013,45990
"25","va","NELSON County",2016,54188
"26","va","NELSON County",2020,60757
"27","va","NELSON County",2022,66612
"28","va","NELSON County",2023,77049
"29","va","ORANGE County",1997,39156
"30","va","ORANGE County",1998,41458
"31","va","ORANGE County",2001,42999
"32","va","ORANGE County",2003,46169
"33","va","ORANGE County",2004,49082
"34","va","ORANGE County",2010,53837
"35","va","ORANGE County",2011,56967
"36","va","ORANGE County",2018,63681
"37","va","ORANGE County",2022,81390
"38","va","GREENE County",1997,37714
"39","va","GREENE County",1998,40095
"40","va","GREENE County",1999,44033
"41","va","GREENE County",2001,46888
"42","va","GREENE County",2002,47956
"43","va","GREENE County",2003,49974
"44","va","GREENE County",2004,51221
"45","va","GREENE County",2006,52872
"46","va","GREENE County",2010,57592
"47","va","GREENE County",2011,60710
"48","va","GREENE County",2013,59730
"49","va","GREENE County",2015,60406
"50","va","GREENE County",2017,65394
"51","va","GREENE County",2018,67498
"52","va","BATH County",1997,32768
"53","va","BATH County",1998,33910
"54","va","BATH County",2000,36251
"55","va","BATH County",2001,35533
"56","va","BATH County",2003,36523
"57","va","BATH County",2004,38145
"58","va","BATH County",2006,40114
"59","va","BATH County",2009,42619
"60","va","BATH County",2010,41266
"61","va","BATH County",2011,42423
"62","va","BATH County",2016,47059
"63","va","BATH County",2018,50564
"64","va","BATH County",2019,54385
"65","va","BATH County",2020,56165
"66","va","BATH County",2021,56200
"67","va","DICKENSON County",1997,22941
"68","va","DICKENSON County",1998,23653
"69","va","DICKENSON County",2001,24138
"70","va","DICKENSON County",2005,26224
"71","va","DICKENSON County",2006,28505
"72","va","DICKENSON County",2009,31877
"73","va","DICKENSON County",2010,32955
"74","va","DICKENSON County",2011,33494
"75","va","DICKENSON County",2012,35147
"76","va","DICKENSON County",2013,33386
"77","va","DICKENSON County",2017,33383
"78","va","DICKENSON County",2020,38394
"79","va","DICKENSON County",2022,43271
"80","va","ALLEGHANY County",1997,36774
"81","va","ALLEGHANY County",1998,39135
"82","va","ALLEGHANY County",2001,35731
"83","va","ALLEGHANY County",2003,37349
"84","va","ALLEGHANY County",2006,40682
"85","va","ALLEGHANY County",2009,43230
"86","va","ALLEGHANY County",2010,43110
"87","va","ALLEGHANY County",2013,44983
"88","va","ALLEGHANY County",2016,47037
"89","va","ALLEGHANY County",2020,52281
"90","va","ROCKBRIDGE County",1997,33687
"91","va","ROCKBRIDGE County",1998,35572
"92","va","ROCKBRIDGE County",2000,37307
"93","va","ROCKBRIDGE County",2002,36970
"94","va","ROCKBRIDGE County",2003,37877
"95","va","ROCKBRIDGE County",2004,40081
"96","va","ROCKBRIDGE County",2006,41931
"97","va","ROCKBRIDGE County",2008,45236
"98","va","ROCKBRIDGE County",2010,44502
"99","va","ROCKBRIDGE County",2011,42567
"100","va","ROCKBRIDGE County",2012,46909
"101","va","ROCKBRIDGE County",2013,46882
"102","va","ROCKBRIDGE County",2016,50570
"103","va","ROCKBRIDGE County",2020,55684
"104","va","ROCKBRIDGE County",2022,64393
"105","va","COVINGTON City",1997,27748
"106","va","COVINGTON City",2003,31688
"107","va","COVINGTON City",2016,37904
"108","va","COVINGTON City",2020,40683
"109","va","WASHINGTON County",1997,31387
"110","va","WASHINGTON County",2001,33867
"111","va","WASHINGTON County",2002,34422
"112","va","WASHINGTON County",2003,35833
"113","va","WASHINGTON County",2004,36725
"114","va","WASHINGTON County",2009,40638
"115","va","WASHINGTON County",2010,39690
"116","va","WASHINGTON County",2013,42242
"117","va","WASHINGTON County",2014,43353
"118","va","WASHINGTON County",2015,45864
"119","va","WASHINGTON County",2018,45510
"120","va","WASHINGTON County",2020,53785
"121","va","SCOTT County",1997,26888
"122","va","SCOTT County",2001,28123
"123","va","SCOTT County",2002,29074
"124","va","SCOTT County",2003,30199
"125","va","SCOTT County",2009,33893
"126","va","SCOTT County",2010,33797
"127","va","SCOTT County",2013,38336
"128","va","SCOTT County",2017,39640
"129","va","SCOTT County",2019,41288
"130","va","SCOTT County",2022,43743
"131","va","SHENANDOAH County",1997,34377
"132","va","SHENANDOAH County",1998,36486
"133","va","SHENANDOAH County",1999,37976
"134","va","SHENANDOAH County",2000,40325
"135","va","SHENANDOAH County",2001,39762
"136","va","SHENANDOAH County",2002,40543
"137","va","SHENANDOAH County",2003,41872
"138","va","SHENANDOAH County",2004,43893
"139","va","SHENANDOAH County",2006,47198
"140","va","SHENANDOAH County",2009,47748
"141","va","SHENANDOAH County",2010,46016
"142","va","SHENANDOAH County",2011,47669
"143","va","SHENANDOAH County",2012,48677
"144","va","SHENANDOAH County",2015,54281
"145","va","SHENANDOAH County",2016,53810
"146","va","SHENANDOAH County",2019,59087
"147","va","SHENANDOAH County",2021,65308
"148","va","PULASKI County",1997,31806
"149","va","PULASKI County",1998,33995
"150","va","PULASKI County",2000,35206
"151","va","PULASKI County",2001,34029
"152","va","PULASKI County",2002,34463
"153","va","PULASKI County",2007,40427
"154","va","PULASKI County",2009,40239
"155","va","PULASKI County",2010,41184
"156","va","PULASKI County",2011,39054
"157","va","PULASKI County",2013,43555
"158","va","PULASKI County",2018,50834
"159","va","PULASKI County",2019,54086
"160","va","PULASKI County",2020,50530
"161","va","ROANOKE County",1997,47838
"162","va","ROANOKE County",1998,48926
"163","va","ROANOKE County",1999,48943
"164","va","ROANOKE County",2000,51055
"165","va","ROANOKE County",2003,50351
"166","va","ROANOKE County",2004,52577
"167","va","ROANOKE County",2006,53843
"168","va","ROANOKE County",2008,60032
"169","va","ROANOKE County",2009,56508
"170","va","ROANOKE County",2010,57720
"171","va","ROANOKE County",2011,60382
"172","va","ROANOKE County",2013,57663
"173","va","ROANOKE County",2015,63372
"174","va","ROANOKE County",2016,62306
"175","va","ROANOKE County",2017,65171
"176","va","ROANOKE County",2018,68734
"177","va","ROANOKE County",2020,71613
"178","va","SALEM City",1997,37133
"179","va","SALEM City",1998,39228
"180","va","SALEM City",2004,41517
"181","va","SALEM City",2006,44631
"182","va","SALEM City",2013,47837
"183","va","SALEM City",2015,47600
"184","va","SALEM City",2018,57274
"185","va","ROANOKE City",1997,27492
"186","va","ROANOKE City",1998,29008
"187","va","ROANOKE City",1999,29801
"188","va","ROANOKE City",2000,31030
"189","va","ROANOKE City",2003,31523
"190","va","ROANOKE City",2007,37103
"191","va","ROANOKE City",2009,35088
"192","va","ROANOKE City",2010,37486
"193","va","ROANOKE City",2011,38482
"194","va","ROANOKE City",2018,42715
"195","va","ROANOKE City",2020,49313
"196","va","ROANOKE City",2021,47545
"197","va","ROANOKE City",2023,51782
"198","va","BOTETOURT County",1997,45370
"199","va","BOTETOURT County",1998,47667
"200","va","BOTETOURT County",2000,50437
"201","va","BOTETOURT County",2001,50581
"202","va","BOTETOURT County",2003,52094
"203","va","BOTETOURT County",2006,58481
"204","va","BOTETOURT County",2007,58744
"205","va","BOTETOURT County",2008,61778
"206","va","BOTETOURT County",2010,63528
"207","va","BOTETOURT County",2011,62204
"208","va","BOTETOURT County",2013,61005
"209","va","BOTETOURT County",2016,68390
"210","va","BOTETOURT County",2018,71874
"211","va","BOTETOURT County",2020,70803
"212","va","BOTETOURT County",2021,74081
"213","va","CLARKE County",1997,43442
"214","va","CLARKE County",1998,47323
"215","va","CLARKE County",1999,49289
"216","va","CLARKE County",2001,52050
"217","va","CLARKE County",2003,53777
"218","va","CLARKE County",2004,56839
"219","va","CLARKE County",2006,62476
"220","va","CLARKE County",2016,76753
"221","va","CLARKE County",2017,76359
"222","va","BLAND County",1997,32199
"223","va","BLAND County",2001,31322
"224","va","BLAND County",2002,32068
"225","va","BLAND County",2003,32742
"226","va","BLAND County",2011,41654
"227","va","BLAND County",2012,42843
"228","va","BLAND County",2013,41939
"229","va","BLAND County",2016,44827
"230","va","BLAND County",2023,57748
"231","va","SMYTH County",1997,28367
"232","va","SMYTH County",1998,30109
"233","va","SMYTH County",2000,31224
"234","va","SMYTH County",2001,30330
"235","va","SMYTH County",2002,30543
"236","va","SMYTH County",2003,31645
"237","va","SMYTH County",2004,32659
"238","va","SMYTH County",2005,34286
"239","va","SMYTH County",2008,33451
"240","va","SMYTH County",2009,35614
"241","va","SMYTH County",2010,35437
"242","va","SMYTH County",2011,34916
"243","va","SMYTH County",2013,37475
"244","va","SMYTH County",2014,37831
"245","va","SMYTH County",2017,42008
"246","va","SMYTH County",2020,43351
"247","va","SMYTH County",2021,42303
"248","va","SMYTH County",2023,52646
"249","va","HENRY County",1997,30843
"250","va","HENRY County",1998,32129
"251","va","HENRY County",2001,31451
"252","va","HENRY County",2003,31360
"253","va","HENRY County",2004,32044
"254","va","HENRY County",2006,33897
"255","va","HENRY County",2007,35349
"256","va","HENRY County",2008,33479
"257","va","HENRY County",2010,32669
"258","va","HENRY County",2012,34232
"259","va","HENRY County",2015,36695
"260","va","HENRY County",2017,41206
"261","va","HENRY County",2018,36471
"262","va","HENRY County",2020,41706
"263","va","FAIRFAX County",1997,71057
"264","va","FAIRFAX County",1998,73337
"265","va","FAIRFAX County",1999,77707
"266","va","FAIRFAX County",2000,84009
"267","va","FAIRFAX County",2001,82986
"268","va","FAIRFAX County",2003,82648
"269","va","FAIRFAX County",2004,83890
"270","va","FAIRFAX County",2005,94173
"271","va","FAIRFAX County",2006,99934
"272","va","FAIRFAX County",2008,107075
"273","va","FAIRFAX County",2009,102325
"274","va","FAIRFAX County",2010,102726
"275","va","FAIRFAX County",2011,105409
"276","va","FAIRFAX County",2012,106690
"277","va","FAIRFAX County",2013,110658
"278","va","FAIRFAX County",2014,110507
"279","va","FAIRFAX County",2015,112844
"280","va","FAIRFAX County",2016,115518
"281","va","FAIRFAX County",2017,117989
"282","va","FAIRFAX County",2018,122035
"283","va","FAIRFAX County",2019,127898
"284","va","FAIRFAX County",2020,132509
"285","va","FAIRFAX County",2021,133845
"286","va","FAIRFAX County",2022,144632
"287","va","FAIRFAX County",2023,141353
"288","va","WARREN County",1997,39400
"289","va","WARREN County",1998,42096
"290","va","WARREN County",1999,41780
"291","va","WARREN County",2000,44091
"292","va","WARREN County",2001,44099
"293","va","WARREN County",2003,46765
"294","va","WARREN County",2004,49193
"295","va","WARREN County",2005,48543
"296","va","WARREN County",2006,54033
"297","va","WARREN County",2010,55758
"298","va","WARREN County",2011,56450
"299","va","WARREN County",2015,58047
"300","va","WARREN County",2022,79949
"301","va","FREDERICK County",1997,42545
"302","va","FREDERICK County",1998,45394
"303","va","FREDERICK County",1999,46866
"304","va","FREDERICK County",2000,49248
"305","va","FREDERICK County",2001,48735
"306","va","FREDERICK County",2003,52722
"307","va","FREDERICK County",2004,55084
"308","va","FREDERICK County",2006,55983
"309","va","FREDERICK County",2009,60806
"310","va","FREDERICK County",2011,64501
"311","va","FREDERICK County",2012,64027
"312","va","FREDERICK County",2013,68166
"313","va","FREDERICK County",2014,65485
"314","va","FREDERICK County",2016,69346
"315","va","WYTHE County",1997,29355
"316","va","WYTHE County",1998,30879
"317","va","WYTHE County",1999,31804
"318","va","WYTHE County",2000,33163
"319","va","WYTHE County",2001,31773
"320","va","WYTHE County",2002,31747
"321","va","WYTHE County",2003,33262
"322","va","WYTHE County",2004,35121
"323","va","WYTHE County",2008,38793
"324","va","WYTHE County",2009,40927
"325","va","WYTHE County",2010,37624
"326","va","WYTHE County",2011,39879
"327","va","WYTHE County",2012,38533
"328","va","WYTHE County",2013,41168
"329","va","WYTHE County",2015,42883
"330","va","WYTHE County",2017,46795
"331","va","WYTHE County",2018,46345
"332","va","WYTHE County",2020,54399
"333","va","DANVILLE City",1997,26481
"334","va","DANVILLE City",1998,27590
"335","va","DANVILLE City",2000,28224
"336","va","DANVILLE City",2002,27138
"337","va","DANVILLE City",2003,27082
"338","va","DANVILLE City",2007,29553
"339","va","DANVILLE City",2008,30696
"340","va","DANVILLE City",2009,29466
"341","va","DANVILLE City",2013,30940
"342","va","DANVILLE City",2018,36015
"343","va","PITTSYLVANIA County",1997,32384
"344","va","PITTSYLVANIA County",1998,33729
"345","va","PITTSYLVANIA County",1999,34171
"346","va","PITTSYLVANIA County",2000,36140
"347","va","PITTSYLVANIA County",2002,34886
"348","va","PITTSYLVANIA County",2003,36029
"349","va","PITTSYLVANIA County",2006,38746
"350","va","PITTSYLVANIA County",2007,38519
"351","va","PITTSYLVANIA County",2008,38590
"352","va","PITTSYLVANIA County",2009,39531
"353","va","PITTSYLVANIA County",2010,41031
"354","va","PITTSYLVANIA County",2012,42236
"355","va","PITTSYLVANIA County",2013,40608
"356","va","PITTSYLVANIA County",2015,42390
"357","va","PITTSYLVANIA County",2018,44710
"358","va","PITTSYLVANIA County",2020,49124
"359","va","PITTSYLVANIA County",2021,52006
"360","va","CULPEPER County",1997,41324
"361","va","CULPEPER County",1998,44174
"362","va","CULPEPER County",1999,43960
"363","va","CULPEPER County",2001,46037
"364","va","CULPEPER County",2003,50162
"365","va","CULPEPER County",2006,56507
"366","va","CULPEPER County",2008,63248
"367","va","CULPEPER County",2010,56897
"368","va","CULPEPER County",2011,58596
"369","va","CULPEPER County",2012,59609
"370","va","CULPEPER County",2013,63876
"371","va","CULPEPER County",2015,63728
"372","va","CULPEPER County",2016,67023
"373","va","CULPEPER County",2018,72111
"374","va","CULPEPER County",2021,82220
"375","va","CULPEPER County",2022,94287
"376","va","RAPPAHANNOCK County",1997,40172
"377","va","RAPPAHANNOCK County",1998,42638
"378","va","RAPPAHANNOCK County",1999,44669
"379","va","RAPPAHANNOCK County",2000,47698
"380","va","RAPPAHANNOCK County",2001,46883
"381","va","RAPPAHANNOCK County",2002,48654
"382","va","RAPPAHANNOCK County",2003,50132
"383","va","RAPPAHANNOCK County",2004,53062
"384","va","RAPPAHANNOCK County",2005,52195
"385","va","RAPPAHANNOCK County",2010,57499
"386","va","RAPPAHANNOCK County",2015,62729
"387","va","RAPPAHANNOCK County",2016,65278
"388","va","RAPPAHANNOCK County",2018,71035
"389","va","RAPPAHANNOCK County",2023,88237
"390","va","FAUQUIER County",1997,56691
"391","va","FAUQUIER County",1998,59654
"392","va","FAUQUIER County",1999,60520
"393","va","FAUQUIER County",2001,64599
"394","va","FAUQUIER County",2003,68140
"395","va","FAUQUIER County",2004,70652
"396","va","FAUQUIER County",2006,75527
"397","va","FAUQUIER County",2009,83330
"398","va","FAUQUIER County",2010,83176
"399","va","FAUQUIER County",2011,85096
"400","va","FAUQUIER County",2012,82957
"401","va","FAUQUIER County",2013,82705
"402","va","FAUQUIER County",2015,89610
"403","va","FAUQUIER County",2017,96835
"404","va","FAUQUIER County",2022,120301
"405","va","FAUQUIER County",2023,111254
"406","va","PAGE County",1997,31157
"407","va","PAGE County",1998,32595
"408","va","PAGE County",1999,32541
"409","va","PAGE County",2001,33828
"410","va","PAGE County",2003,34509
"411","va","PAGE County",2004,35720
"412","va","PAGE County",2013,41070
"413","va","PAGE County",2017,45691
"414","va","PAGE County",2018,49073
"415","va","PAGE County",2022,60061
"416","va","LOUDOUN County",1997,67455
"417","va","LOUDOUN County",1998,75886
"418","va","LOUDOUN County",2000,84695
"419","va","LOUDOUN County",2001,86345
"420","va","LOUDOUN County",2002,87098
"421","va","LOUDOUN County",2003,90122
"422","va","LOUDOUN County",2004,94225
"423","va","LOUDOUN County",2006,99619
"424","va","LOUDOUN County",2008,111582
"425","va","LOUDOUN County",2009,114200
"426","va","LOUDOUN County",2010,119075
"427","va","LOUDOUN County",2011,119525
"428","va","LOUDOUN County",2012,118934
"429","va","LOUDOUN County",2013,117680
"430","va","LOUDOUN County",2014,122641
"431","va","LOUDOUN County",2015,125900
"432","va","LOUDOUN County",2017,136191
"433","va","LOUDOUN County",2018,140382
"434","va","LOUDOUN County",2020,155362
"435","va","LOUDOUN County",2023,173655
"436","va","CRAIG County",1998,36874
"437","va","CRAIG County",2001,37887
"438","va","CRAIG County",2003,38869
"439","va","CRAIG County",2011,45789
"440","va","CRAIG County",2014,46551
"441","va","CRAIG County",2015,47832
"442","va","CRAIG County",2020,57314
"443","va","HIGHLAND County",1998,29767
"444","va","HIGHLAND County",1999,29129
"445","va","HIGHLAND County",2003,31219
"446","va","HIGHLAND County",2004,32852
"447","va","HIGHLAND County",2006,34521
"448","va","HIGHLAND County",2011,37286
"449","va","AUGUSTA County",1998,41116
"450","va","AUGUSTA County",1999,41445
"451","va","AUGUSTA County",2000,43427
"452","va","AUGUSTA County",2001,42369
"453","va","AUGUSTA County",2003,45434
"454","va","AUGUSTA County",2004,47039
"455","va","AUGUSTA County",2005,46202
"456","va","AUGUSTA County",2006,47970
"457","va","AUGUSTA County",2010,50534
"458","va","AUGUSTA County",2011,51036
"459","va","AUGUSTA County",2013,54834
"460","va","AUGUSTA County",2015,56867
"461","va","AUGUSTA County",2016,56784
"462","va","AUGUSTA County",2018,60556
"463","va","AUGUSTA County",2020,67698
"464","va","AUGUSTA County",2021,69243
"465","va","ALBEMARLE County",1998,49171
"466","va","ALBEMARLE County",1999,50362
"467","va","ALBEMARLE County",2000,53263
"468","va","ALBEMARLE County",2002,52365
"469","va","ALBEMARLE County",2003,53104
"470","va","ALBEMARLE County",2004,55118
"471","va","ALBEMARLE County",2006,58428
"472","va","ALBEMARLE County",2008,66606
"473","va","ALBEMARLE County",2009,63669
"474","va","ALBEMARLE County",2010,61845
"475","va","ALBEMARLE County",2011,63972
"476","va","ALBEMARLE County",2012,70813
"477","va","ALBEMARLE County",2013,70032
"478","va","ALBEMARLE County",2014,67083
"479","va","ALBEMARLE County",2015,71293
"480","va","ALBEMARLE County",2016,73132
"481","va","ALBEMARLE County",2017,77591
"482","va","ALBEMARLE County",2018,80392
"483","va","ALBEMARLE County",2021,91849
"484","va","ALBEMARLE County",2022,94727
"485","va","ROCKINGHAM County",1998,39752
"486","va","ROCKINGHAM County",1999,40405
"487","va","ROCKINGHAM County",2000,42290
"488","va","ROCKINGHAM County",2001,42099
"489","va","ROCKINGHAM County",2002,42601
"490","va","ROCKINGHAM County",2003,43727
"491","va","ROCKINGHAM County",2004,45238
"492","va","ROCKINGHAM County",2009,47965
"493","va","ROCKINGHAM County",2011,51826
"494","va","ROCKINGHAM County",2012,51137
"495","va","ROCKINGHAM County",2013,55636
"496","va","ROCKINGHAM County",2016,57655
"497","va","ROCKINGHAM County",2017,59492
"498","va","ROCKINGHAM County",2018,61375
"499","va","ROCKINGHAM County",2021,72392
"500","va","ROCKINGHAM County",2022,72921
"501","va","FLOYD County",1998,33604
"502","va","FLOYD County",1999,32192
"503","va","FLOYD County",2004,36400
"504","va","FLOYD County",2008,41514
"505","va","FLOYD County",2010,44188
"506","va","FLOYD County",2011,39997
"507","va","FLOYD County",2012,42211
"508","va","FLOYD County",2013,41652
"509","va","FLOYD County",2014,43355
"510","va","FLOYD County",2015,48448
"511","va","FLOYD County",2016,42670
"512","va","FLOYD County",2018,48315
"513","va","FLOYD County",2020,54262
"514","va","FLOYD County",2023,61164
"515","va","CARROLL County",1998,29523
"516","va","CARROLL County",2000,31381
"517","va","CARROLL County",2003,31850
"518","va","CARROLL County",2005,32430
"519","va","CARROLL County",2006,35822
"520","va","CARROLL County",2008,35651
"521","va","CARROLL County",2009,34240
"522","va","CARROLL County",2010,34796
"523","va","CARROLL County",2011,34891
"524","va","CARROLL County",2012,32777
"525","va","CARROLL County",2013,36218
"526","va","CARROLL County",2014,38474
"527","va","CARROLL County",2015,42790
"528","va","CARROLL County",2017,42262
"529","va","CARROLL County",2018,41517
"530","va","CARROLL County",2020,48555
"531","va","CARROLL County",2022,51111
"532","va","CARROLL County",2023,53694
"533","va","GILES County",1998,33825
"534","va","GILES County",1999,34309
"535","va","GILES County",2001,34743
"536","va","GILES County",2002,34737
"537","va","GILES County",2003,35816
"538","va","GILES County",2005,37582
"539","va","GILES County",2006,39094
"540","va","GILES County",2009,39421
"541","va","GILES County",2010,40773
"542","va","GILES County",2011,43139
"543","va","GILES County",2013,43504
"544","va","GILES County",2016,51780
"545","va","GILES County",2017,52808
"546","va","GILES County",2018,50591
"547","va","GILES County",2020,55983
"548","va","PATRICK County",1998,30731
"549","va","PATRICK County",1999,29133
"550","va","PATRICK County",2000,30170
"551","va","PATRICK County",2001,29172
"552","va","PATRICK County",2003,29958
"553","va","PATRICK County",2004,30605
"554","va","PATRICK County",2005,31719
"555","va","PATRICK County",2006,33222
"556","va","PATRICK County",2008,34592
"557","va","PATRICK County",2009,33059
"558","va","PATRICK County",2010,33678
"559","va","PATRICK County",2012,33818
"560","va","PATRICK County",2013,34654
"561","va","PATRICK County",2014,34885
"562","va","PATRICK County",2015,37360
"563","va","PATRICK County",2016,38539
"564","va","PATRICK County",2017,40421
"565","va","PATRICK County",2018,42862
"566","va","PATRICK County",2019,43568
"567","va","PATRICK County",2020,46149
"568","va","PATRICK County",2021,46963
"569","va","PATRICK County",2022,49319
"570","va","PATRICK County",2023,51200
"571","va","SPOTSYLVANIA County",1998,54650
"572","va","SPOTSYLVANIA County",1999,55534
"573","va","SPOTSYLVANIA County",2000,59618
"574","va","SPOTSYLVANIA County",2003,65411
"575","va","SPOTSYLVANIA County",2006,72195
"576","va","SPOTSYLVANIA County",2007,74374
"577","va","SPOTSYLVANIA County",2009,75609
"578","va","SPOTSYLVANIA County",2010,72463
"579","va","SPOTSYLVANIA County",2011,75627
"580","va","SPOTSYLVANIA County",2012,77298
"581","va","SPOTSYLVANIA County",2013,73112
"582","va","SPOTSYLVANIA County",2016,81065
"583","va","SPOTSYLVANIA County",2020,94299
"584","va","MONTGOMERY County",1998,37095
"585","va","MONTGOMERY County",1999,33727
"586","va","MONTGOMERY County",2000,34402
"587","va","MONTGOMERY County",2001,33394
"588","va","MONTGOMERY County",2002,33620
"589","va","MONTGOMERY County",2003,34603
"590","va","MONTGOMERY County",2006,38795
"591","va","MONTGOMERY County",2007,42029
"592","va","MONTGOMERY County",2009,42785
"593","va","MONTGOMERY County",2010,42827
"594","va","MONTGOMERY County",2011,44066
"595","va","MONTGOMERY County",2013,46024
"596","va","MONTGOMERY County",2014,43484
"597","va","MONTGOMERY County",2015,51157
"598","va","MONTGOMERY County",2018,52538
"599","va","MONTGOMERY County",2020,62418
"600","va","MONTGOMERY County",2021,57752
"601","va","MONTGOMERY County",2023,67620
"602","va","PRINCE WILLIAM County",1998,62037
"603","va","PRINCE WILLIAM County",1999,63106
"604","va","PRINCE WILLIAM County",2000,67466
"605","va","PRINCE WILLIAM County",2001,68174
"606","va","PRINCE WILLIAM County",2003,72977
"607","va","PRINCE WILLIAM County",2004,75302
"608","va","PRINCE WILLIAM County",2005,81022
"609","va","PRINCE WILLIAM County",2006,80576
"610","va","PRINCE WILLIAM County",2008,87973
"611","va","PRINCE WILLIAM County",2009,88823
"612","va","PRINCE WILLIAM County",2010,91290
"613","va","PRINCE WILLIAM County",2011,93101
"614","va","PRINCE WILLIAM County",2012,93011
"615","va","PRINCE WILLIAM County",2013,93671
"616","va","PRINCE WILLIAM County",2014,91886
"617","va","PRINCE WILLIAM County",2015,99206
"618","va","PRINCE WILLIAM County",2016,97549
"619","va","PRINCE WILLIAM County",2017,100431
"620","va","PRINCE WILLIAM County",2018,106200
"621","va","PRINCE WILLIAM County",2019,106208
"622","va","PRINCE WILLIAM County",2020,111117
"623","va","STAFFORD County",1998,62837
"624","va","STAFFORD County",1999,65306
"625","va","STAFFORD County",2000,68819
"626","va","STAFFORD County",2002,72839
"627","va","STAFFORD County",2003,75556
"628","va","STAFFORD County",2005,78862
"629","va","STAFFORD County",2008,87145
"630","va","STAFFORD County",2010,93185
"631","va","STAFFORD County",2011,90748
"632","va","STAFFORD County",2015,95666
"633","va","STAFFORD County",2018,108421
"634","va","STAFFORD County",2023,130751
"635","va","APPOMATTOX County",1998,33893
"636","va","APPOMATTOX County",1999,34936
"637","va","APPOMATTOX County",2001,36577
"638","va","APPOMATTOX County",2003,36939
"639","va","APPOMATTOX County",2006,41114
"640","va","APPOMATTOX County",2007,41089
"641","va","APPOMATTOX County",2008,43529
"642","va","APPOMATTOX County",2010,44479
"643","va","APPOMATTOX County",2012,43814
"644","va","APPOMATTOX County",2013,44062
"645","va","APPOMATTOX County",2018,51131
"646","va","APPOMATTOX County",2019,54609
"647","va","APPOMATTOX County",2020,55152
"648","va","APPOMATTOX County",2021,58860
"649","va","APPOMATTOX County",2022,62375
"650","va","APPOMATTOX County",2023,64701
"651","va","CHARLOTTESVILLE City",1998,34270
"652","va","CHARLOTTESVILLE City",1999,31768
"653","va","CHARLOTTESVILLE City",2000,32903
"654","va","CHARLOTTESVILLE City",2003,31363
"655","va","CHARLOTTESVILLE City",2008,42948
"656","va","CHARLOTTESVILLE City",2013,45320
"657","va","CHARLOTTESVILLE City",2018,56997
"658","va","BEDFORD County",1998,45474
"659","va","BEDFORD County",2000,46220
"660","va","BEDFORD County",2001,44881
"661","va","BEDFORD County",2003,47263
"662","va","BEDFORD County",2004,48518
"663","va","BEDFORD County",2006,50772
"664","va","BEDFORD County",2007,53823
"665","va","BEDFORD County",2009,53003
"666","va","BEDFORD County",2010,51656
"667","va","BEDFORD County",2011,58264
"668","va","BEDFORD County",2012,56910
"669","va","BEDFORD County",2013,56888
"670","va","BEDFORD County",2017,65172
"671","va","BEDFORD County",2018,61186
"672","va","BEDFORD County",2019,66591
"673","va","BEDFORD County",2020,70004
"674","va","BEDFORD County",2021,66026
"675","va","KING GEORGE County",1998,49017
"676","va","KING GEORGE County",1999,49275
"677","va","KING GEORGE County",2000,52268
"678","va","KING GEORGE County",2011,75935
"679","va","KING GEORGE County",2018,86619
"680","va","KING GEORGE County",2023,101323
"681","va","BUCHANAN County",1998,25395
"682","va","BUCHANAN County",2000,23775
"683","va","BUCHANAN County",2001,23287
"684","va","BUCHANAN County",2002,23682
"685","va","BUCHANAN County",2005,25193
"686","va","BUCHANAN County",2006,26265
"687","va","BUCHANAN County",2010,29712
"688","va","BUCHANAN County",2012,32848
"689","va","BUCHANAN County",2013,31621
"690","va","BUCHANAN County",2014,32083
"691","va","BUCHANAN County",2015,32433
"692","va","BUCHANAN County",2020,35891
"693","va","BUCHANAN County",2021,38087
"694","va","BUCHANAN County",2022,39652
"695","va","BUCHANAN County",2023,43446
"696","va","TAZEWELL County",1998,28504
"697","va","TAZEWELL County",2000,28496
"698","va","TAZEWELL County",2001,27914
"699","va","TAZEWELL County",2002,28571
"700","va","TAZEWELL County",2003,29427
"701","va","TAZEWELL County",2004,30576
"702","va","TAZEWELL County",2007,34702
"703","va","TAZEWELL County",2009,36143
"704","va","TAZEWELL County",2010,35485
"705","va","TAZEWELL County",2011,36521
"706","va","TAZEWELL County",2012,34760
"707","va","TAZEWELL County",2013,38336
"708","va","TAZEWELL County",2015,40476
"709","va","TAZEWELL County",2018,42074
"710","va","TAZEWELL County",2020,45214
"711","va","TAZEWELL County",2022,48360
"712","va","TAZEWELL County",2023,45959
"713","va","HANOVER County",1998,57367
"714","va","HANOVER County",1999,58082
"715","va","HANOVER County",2000,60486
"716","va","HANOVER County",2001,60933
"717","va","HANOVER County",2004,67979
"718","va","HANOVER County",2006,69390
"719","va","HANOVER County",2009,74645
"720","va","HANOVER County",2011,71714
"721","va","HANOVER County",2013,77316
"722","va","HANOVER County",2016,83405
"723","va","HANOVER County",2018,91028
"724","va","HANOVER County",2019,90824
"725","va","HANOVER County",2020,97717
"726","va","HANOVER County",2021,95195
"727","va","HANOVER County",2023,111485
"728","va","CAMPBELL County",1998,37291
"729","va","CAMPBELL County",1999,36457
"730","va","CAMPBELL County",2001,37198
"731","va","CAMPBELL County",2003,38606
"732","va","CAMPBELL County",2005,40230
"733","va","CAMPBELL County",2007,43641
"734","va","CAMPBELL County",2008,43055
"735","va","CAMPBELL County",2009,44983
"736","va","CAMPBELL County",2010,42158
"737","va","CAMPBELL County",2011,47450
"738","va","CAMPBELL County",2013,47982
"739","va","CAMPBELL County",2014,46663
"740","va","CAMPBELL County",2016,49935
"741","va","CAMPBELL County",2018,51525
"742","va","CAMPBELL County",2020,59223
"743","va","CAMPBELL County",2022,63516
"744","va","CAMPBELL County",2023,69570
"745","va","ARLINGTON County",1998,60591
"746","va","ARLINGTON County",1999,61940
"747","va","ARLINGTON County",2001,66764
"748","va","ARLINGTON County",2003,67161
"749","va","ARLINGTON County",2006,84316
"750","va","ARLINGTON County",2009,92703
"751","va","ARLINGTON County",2011,98060
"752","va","ARLINGTON County",2015,104354
"753","va","ARLINGTON County",2018,120950
"754","va","ARLINGTON County",2019,118986
"755","va","ARLINGTON County",2021,124474
"756","va","ARLINGTON County",2023,138416
"757","va","HALIFAX County",1998,29399
"758","va","HALIFAX County",1999,29589
"759","va","HALIFAX County",2000,30690
"760","va","HALIFAX County",2001,29743
"761","va","HALIFAX County",2003,30119
"762","va","HALIFAX County",2006,33318
"763","va","HALIFAX County",2007,32490
"764","va","HALIFAX County",2008,34580
"765","va","HALIFAX County",2009,35458
"766","va","HALIFAX County",2010,35879
"767","va","HALIFAX County",2013,35553
"768","va","HALIFAX County",2014,39079
"769","va","HALIFAX County",2015,40432
"770","va","HALIFAX County",2016,39859
"771","va","HALIFAX County",2018,43096
"772","va","HALIFAX County",2020,43386
"773","va","FRANKLIN County",1998,35750
"774","va","FRANKLIN County",1999,36759
"775","va","FRANKLIN County",2000,38483
"776","va","FRANKLIN County",2002,38098
"777","va","FRANKLIN County",2003,39049
"778","va","FRANKLIN County",2004,40756
"779","va","FRANKLIN County",2005,40712
"780","va","FRANKLIN County",2006,42891
"781","va","FRANKLIN County",2007,45238
"782","va","FRANKLIN County",2009,45105
"783","va","FRANKLIN County",2010,40931
"784","va","FRANKLIN County",2011,49003
"785","va","FRANKLIN County",2012,43427
"786","va","FRANKLIN County",2013,48070
"787","va","FRANKLIN County",2015,49117
"788","va","FRANKLIN County",2018,53522
"789","va","FRANKLIN County",2019,61878
"790","va","FRANKLIN County",2020,61714
"791","va","FRANKLIN County",2022,68089
"792","va","NORFOLK City",1999,29159
"793","va","NORFOLK City",2000,30863
"794","va","NORFOLK City",2001,30421
"795","va","NORFOLK City",2002,30648
"796","va","NORFOLK City",2003,32026
"797","va","NORFOLK City",2004,33777
"798","va","NORFOLK City",2005,36335
"799","va","NORFOLK City",2006,39378
"800","va","NORFOLK City",2007,40295
"801","va","NORFOLK City",2008,40380
"802","va","NORFOLK City",2009,41161
"803","va","NORFOLK City",2010,41015
"804","va","NORFOLK City",2014,42567
"805","va","NORFOLK City",2016,45809
"806","va","NORFOLK City",2018,48519
"807","va","NORFOLK City",2019,52437
"808","va","NORFOLK City",2020,51401
"809","va","NORFOLK City",2021,56951
"810","va","NORFOLK City",2023,61098
"811","va","CHESAPEAKE City",1999,48391
"812","va","CHESAPEAKE City",2004,56174
"813","va","CHESAPEAKE City",2005,60301
"814","va","CHESAPEAKE City",2006,61584
"815","va","CHESAPEAKE City",2009,63532
"816","va","CHESAPEAKE City",2010,67674
"817","va","CHESAPEAKE City",2016,71998
"818","va","CHESAPEAKE City",2017,75529
"819","va","CHESAPEAKE City",2019,77361
"820","va","CHESAPEAKE City",2020,80402
"821","va","CHESAPEAKE City",2021,87057
"822","va","CHESAPEAKE City",2022,87127
"823","va","CHESAPEAKE City",2023,91582
"824","va","PORTSMOUTH City",1999,31459
"825","va","PORTSMOUTH City",2000,33611
"826","va","PORTSMOUTH City",2003,34523
"827","va","PORTSMOUTH City",2004,35782
"828","va","PORTSMOUTH City",2005,39166
"829","va","PORTSMOUTH City",2006,39702
"830","va","PORTSMOUTH City",2008,45292
"831","va","PORTSMOUTH City",2009,42404
"832","va","PORTSMOUTH City",2010,42740
"833","va","PORTSMOUTH City",2014,43045
"834","va","PORTSMOUTH City",2016,46617
"835","va","PORTSMOUTH City",2020,52070
"836","va","PORTSMOUTH City",2021,53618
"837","va","PORTSMOUTH City",2023,57012
"838","va","VIRGINIA BEACH City",1999,46576
"839","va","VIRGINIA BEACH City",2000,49481
"840","va","VIRGINIA BEACH City",2002,50317
"841","va","VIRGINIA BEACH City",2006,60985
"842","va","VIRGINIA BEACH City",2007,61234
"843","va","VIRGINIA BEACH City",2010,63354
"844","va","VIRGINIA BEACH City",2011,64107
"845","va","VIRGINIA BEACH City",2015,67032
"846","va","VIRGINIA BEACH City",2016,70596
"847","va","VIRGINIA BEACH City",2020,73961
"848","va","VIRGINIA BEACH City",2022,83066
"849","va","VIRGINIA BEACH City",2023,90275
"850","va","LUNENBURG County",1999,27167
"851","va","LUNENBURG County",2003,28713
"852","va","LUNENBURG County",2004,29724
"853","va","LUNENBURG County",2018,41421
"854","va","LUNENBURG County",2021,44852
"855","va","CHARLOTTE County",1999,28173
"856","va","CHARLOTTE County",2000,29922
"857","va","CHARLOTTE County",2003,30276
"858","va","CHARLOTTE County",2008,34145
"859","va","CHARLOTTE County",2009,33334
"860","va","CHARLOTTE County",2013,35715
"861","va","CHARLOTTE County",2014,36339
"862","va","CHARLOTTE County",2015,37819
"863","va","CHARLOTTE County",2018,41382
"864","va","SUFFOLK City",1999,39144
"865","va","SUFFOLK City",2000,42003
"866","va","SUFFOLK City",2001,41623
"867","va","SUFFOLK City",2003,46416
"868","va","SUFFOLK City",2005,53548
"869","va","SUFFOLK City",2006,55858
"870","va","SUFFOLK City",2009,56300
"871","va","SUFFOLK City",2014,60735
"872","va","SUFFOLK City",2016,65025
"873","va","SUFFOLK City",2020,72264
"874","va","SUFFOLK City",2022,81858
"875","va","SUFFOLK City",2023,81297
"876","va","AMHERST County",1999,36014
"877","va","AMHERST County",2000,37829
"878","va","AMHERST County",2001,37133
"879","va","AMHERST County",2002,37051
"880","va","AMHERST County",2003,37549
"881","va","AMHERST County",2004,38891
"882","va","AMHERST County",2005,40673
"883","va","AMHERST County",2009,42117
"884","va","AMHERST County",2010,42063
"885","va","AMHERST County",2011,44494
"886","va","AMHERST County",2013,47268
"887","va","AMHERST County",2014,43998
"888","va","AMHERST County",2018,50580
"889","va","AMHERST County",2020,61111
"890","va","ALEXANDRIA City",1999,54495
"891","va","ALEXANDRIA City",2000,57620
"892","va","ALEXANDRIA City",2003,59344
"893","va","ALEXANDRIA City",2004,60715
"894","va","ALEXANDRIA City",2006,78330
"895","va","ALEXANDRIA City",2011,82070
"896","va","ALEXANDRIA City",2015,89177
"897","va","ALEXANDRIA City",2017,99959
"898","va","ALEXANDRIA City",2018,99425
"899","va","ALEXANDRIA City",2019,102589
"900","va","ALEXANDRIA City",2020,99763
"901","va","ALEXANDRIA City",2021,100877
"902","va","ALEXANDRIA City",2022,110115
"903","va","ALEXANDRIA City",2023,109902
"904","va","HENRICO County",1999,47903
"905","va","HENRICO County",2001,49767
"906","va","HENRICO County",2004,53009
"907","va","HENRICO County",2006,57143
"908","va","HENRICO County",2007,58194
"909","va","HENRICO County",2009,57318
"910","va","HENRICO County",2017,67434
"911","va","HENRICO County",2018,68581
"912","va","HENRICO County",2019,68975
"913","va","HENRICO County",2020,80105
"914","va","HENRICO County",2021,78888
"915","va","HENRICO County",2023,85877
"916","va","RICHMOND City",1999,30169
"917","va","RICHMOND City",2000,32029
"918","va","RICHMOND City",2001,31409
"919","va","RICHMOND City",2004,32547
"920","va","RICHMOND City",2005,34352
"921","va","RICHMOND City",2020,54815
"922","va","RICHMOND City",2021,52011
"923","va","RICHMOND City",2022,58719
"924","va","RICHMOND City",2023,64903
"925","va","NORTHAMPTON County",1999,26389
"926","va","NORTHAMPTON County",2003,29526
"927","va","NORTHAMPTON County",2014,36822
"928","va","NORTHAMPTON County",2018,43157
"929","va","NORTHAMPTON County",2023,53822
"930","va","MATHEWS County",1999,41008
"931","va","MATHEWS County",2000,43177
"932","va","MATHEWS County",2005,50550
"933","va","MATHEWS County",2006,49048
"934","va","MATHEWS County",2009,53177
"935","va","MATHEWS County",2020,68946
"936","va","MATHEWS County",2021,69978
"937","va","MATHEWS County",2022,73827
"938","va","HAMPTON City",1999,37094
"939","va","HAMPTON City",2000,39392
"940","va","HAMPTON City",2002,39078
"941","va","HAMPTON City",2003,39882
"942","va","HAMPTON City",2005,44276
"943","va","HAMPTON City",2006,46272
"944","va","HAMPTON City",2009,46175
"945","va","HAMPTON City",2010,50923
"946","va","HAMPTON City",2012,47206
"947","va","HAMPTON City",2016,50294
"948","va","HAMPTON City",2020,53719
"949","va","HAMPTON City",2021,57662
"950","va","HAMPTON City",2023,67764
"951","va","FRANKLIN City",1999,30900
"952","va","FRANKLIN City",2006,35008
"953","va","FRANKLIN City",2016,40247
"954","va","WESTMORELAND County",1999,33608
"955","va","WESTMORELAND County",2000,35725
"956","va","WESTMORELAND County",2002,35389
"957","va","WESTMORELAND County",2004,37866
"958","va","WESTMORELAND County",2006,41836
"959","va","WESTMORELAND County",2011,43175
"960","va","WESTMORELAND County",2018,51414
"961","va","WESTMORELAND County",2020,59343
"962","va","WESTMORELAND County",2021,59959
"963","va","WESTMORELAND County",2022,61545
"964","va","WESTMORELAND County",2023,66975
"965","va","LANCASTER County",1999,33042
"966","va","LANCASTER County",2006,40883
"967","va","LANCASTER County",2018,52814
"968","va","LANCASTER County",2020,55539
"969","va","LANCASTER County",2021,58578
"970","va","LANCASTER County",2022,60857
"971","va","DINWIDDIE County",1999,39701
"972","va","DINWIDDIE County",2000,41796
"973","va","DINWIDDIE County",2003,42123
"974","va","DINWIDDIE County",2004,44269
"975","va","DINWIDDIE County",2006,48965
"976","va","DINWIDDIE County",2015,52694
"977","va","DINWIDDIE County",2016,54805
"978","va","DINWIDDIE County",2018,57257
"979","va","DINWIDDIE County",2021,66397
"980","va","DINWIDDIE County",2023,83334
"981","va","MIDDLESEX County",1999,35468
"982","va","MIDDLESEX County",2000,37404
"983","va","MIDDLESEX County",2006,43484
"984","va","BRUNSWICK County",1999,29050
"985","va","BRUNSWICK County",2000,30993
"986","va","BRUNSWICK County",2006,37717
"987","va","BRUNSWICK County",2019,43835
"988","va","BRUNSWICK County",2023,51441
"989","va","PETERSBURG City",1999,28202
"990","va","PETERSBURG City",2005,30942
"991","va","PETERSBURG City",2011,32615
"992","va","PETERSBURG City",2013,32623
"993","va","PETERSBURG City",2016,34238
"994","va","PETERSBURG City",2020,43190
"995","va","PETERSBURG City",2021,40682
"996","va","PETERSBURG City",2022,42385
"997","va","ESSEX County",1999,34359
"998","va","ESSEX County",2011,42550
"999","va","ESSEX County",2018,50785
"1000","va","CAROLINE County",1999,38098
"1001","va","CAROLINE County",2000,41124
"1002","va","CAROLINE County",2006,48688
"1003","va","CAROLINE County",2011,52496
"1004","va","CAROLINE County",2018,67335
"1005","va","CAROLINE County",2020,67663
"1006","va","CAROLINE County",2023,80562
"1007","va","ISLE OF WIGHT County",1999,43806
"1008","va","ISLE OF WIGHT County",2001,46149
"1009","va","ISLE OF WIGHT County",2004,51424
"1010","va","ISLE OF WIGHT County",2006,54659
"1011","va","ISLE OF WIGHT County",2012,64606
"1012","va","ISLE OF WIGHT County",2016,70982
"1013","va","ISLE OF WIGHT County",2020,75481
"1014","va","ISLE OF WIGHT County",2021,86286
"1015","va","ISLE OF WIGHT County",2023,88536
"1016","va","EMPORIA City",1999,28466
"1017","va","EMPORIA City",2000,30466
"1018","va","EMPORIA City",2006,32925
"1019","va","EMPORIA City",2013,32676
"1020","va","COLONIAL HEIGHTS City",1999,42870
"1021","va","COLONIAL HEIGHTS City",2003,43765
"1022","va","COLONIAL HEIGHTS City",2020,67339
"1023","va","COLONIAL HEIGHTS City",2021,59455
"1024","va","COLONIAL HEIGHTS City",2023,70161
"1025","va","CHESTERFIELD County",1999,58500
"1026","va","CHESTERFIELD County",2000,61408
"1027","va","CHESTERFIELD County",2001,61023
"1028","va","CHESTERFIELD County",2003,61907
"1029","va","CHESTERFIELD County",2004,63931
"1030","va","CHESTERFIELD County",2006,67658
"1031","va","CHESTERFIELD County",2007,69583
"1032","va","CHESTERFIELD County",2008,71327
"1033","va","CHESTERFIELD County",2011,71074
"1034","va","CHESTERFIELD County",2018,80734
"1035","va","CHESTERFIELD County",2019,81641
"1036","va","CHESTERFIELD County",2020,83598
"1037","va","CHESTERFIELD County",2021,86101
"1038","va","CHESTERFIELD County",2022,100149
"1039","va","CHESTERFIELD County",2023,99401
"1040","va","KING AND QUEEN County",1999,34341
"1041","va","KING AND QUEEN County",2004,37738
"1042","va","KING AND QUEEN County",2009,42022
"1043","va","KING AND QUEEN County",2011,45087
"1044","va","KING AND QUEEN County",2018,51124
"1045","va","NEW KENT County",1999,52872
"1046","va","NEW KENT County",2000,55130
"1047","va","NEW KENT County",2001,55104
"1048","va","NEW KENT County",2004,61001
"1049","va","NEW KENT County",2006,66323
"1050","va","NEW KENT County",2011,69885
"1051","va","NEW KENT County",2013,72150
"1052","va","NEW KENT County",2018,90858
"1053","va","NEW KENT County",2023,115854
"1054","va","AMELIA County",1999,38276
"1055","va","AMELIA County",2004,45008
"1056","va","AMELIA County",2018,57280
"1057","va","AMELIA County",2023,71112
"1058","va","SURRY County",1999,34587
"1059","va","SURRY County",2000,36992
"1060","va","SURRY County",2004,39489
"1061","va","SURRY County",2006,43233
"1062","va","SURRY County",2011,46486
"1063","va","SURRY County",2020,57872
"1064","va","SURRY County",2021,61358
"1065","va","SURRY County",2023,68714
"1066","va","WILLIAMSBURG City",1999,35255
"1067","va","YORK County",1999,57013
"1068","va","YORK County",2000,60541
"1069","va","YORK County",2003,65397
"1070","va","YORK County",2004,68310
"1071","va","YORK County",2006,71272
"1072","va","YORK County",2010,77070
"1073","va","YORK County",2012,75316
"1074","va","YORK County",2013,78327
"1075","va","YORK County",2016,87910
"1076","va","YORK County",2020,91711
"1077","va","YORK County",2022,111346
"1078","va","YORK County",2023,101987
"1079","va","SUSSEX County",1999,29457
"1080","va","SUSSEX County",2000,31110
"1081","va","SUSSEX County",2006,34286
"1082","va","SUSSEX County",2008,38102
"1083","va","SUSSEX County",2011,37329
"1084","va","SUSSEX County",2019,45134
"1085","va","SUSSEX County",2020,48040
"1086","va","SOUTHAMPTON County",1999,33317
"1087","va","SOUTHAMPTON County",2000,34691
"1088","va","SOUTHAMPTON County",2001,33878
"1089","va","SOUTHAMPTON County",2006,38833
"1090","va","SOUTHAMPTON County",2009,42751
"1091","va","SOUTHAMPTON County",2013,46547
"1092","va","SOUTHAMPTON County",2020,60441
"1093","va","SOUTHAMPTON County",2023,65742
"1094","va","POQUOSON City",1999,60568
"1095","va","POQUOSON City",2000,63329
"1096","va","POQUOSON City",2003,67765
"1097","va","POQUOSON City",2005,71435
"1098","va","MECKLENBURG County",1999,29705
"1099","va","MECKLENBURG County",2002,30313
"1100","va","MECKLENBURG County",2003,30881
"1101","va","MECKLENBURG County",2004,31789
"1102","va","MECKLENBURG County",2006,34566
"1103","va","MECKLENBURG County",2008,36941
"1104","va","MECKLENBURG County",2009,34885
"1105","va","MECKLENBURG County",2018,44832
"1106","va","MECKLENBURG County",2019,43128
"1107","va","MECKLENBURG County",2020,49542
"1108","va","MECKLENBURG County",2022,52092
"1109","va","MECKLENBURG County",2023,53288
"1110","va","KING WILLIAM County",1999,47274
"1111","va","KING WILLIAM County",2001,50243
"1112","va","KING WILLIAM County",2004,55004
"1113","va","KING WILLIAM County",2013,61183
"1114","va","KING WILLIAM County",2023,88124
"1115","va","MARTINSVILLE City",1999,27450
"1116","va","MARTINSVILLE City",2001,27880
"1117","va","MARTINSVILLE City",2002,27692
"1118","va","MARTINSVILLE City",2006,30550
"1119","va","MARTINSVILLE City",2007,31823
"1120","va","MARTINSVILLE City",2008,30802
"1121","va","MARTINSVILLE City",2017,34463
"1122","va","MARTINSVILLE City",2018,33892
"1123","va","MARTINSVILLE City",2020,35715
"1124","va","MARTINSVILLE City",2023,44547
"1125","va","NEWPORT NEWS City",1999,35014
"1126","va","NEWPORT NEWS City",2000,37374
"1127","va","NEWPORT NEWS City",2002,37323
"1128","va","NEWPORT NEWS City",2003,38406
"1129","va","NEWPORT NEWS City",2004,39574
"1130","va","NEWPORT NEWS City",2005,43938
"1131","va","NEWPORT NEWS City",2006,43435
"1132","va","NEWPORT NEWS City",2009,48285
"1133","va","NEWPORT NEWS City",2012,46794
"1134","va","NEWPORT NEWS City",2016,50149
"1135","va","NEWPORT NEWS City",2020,60048
"1136","va","NEWPORT NEWS City",2021,58303
"1137","va","NEWPORT NEWS City",2022,63350
"1138","va","NEWPORT NEWS City",2023,63911
"1139","va","NOTTOWAY County",1999,29512
"1140","va","NOTTOWAY County",2003,31021
"1141","va","NOTTOWAY County",2004,32179
"1142","va","NOTTOWAY County",2006,35017
"1143","va","NOTTOWAY County",2018,46368
"1144","va","NOTTOWAY County",2022,50756
"1145","va","NOTTOWAY County",2023,58168
"1146","va","GREENSVILLE County",1999,29683
"1147","va","GREENSVILLE County",2000,31387
"1148","va","GREENSVILLE County",2006,35068
"1149","va","GREENSVILLE County",2013,38036
"1150","va","GREENSVILLE County",2023,53908
"1151","va","NORTHUMBERLAND County",1999,35684
"1152","va","NORTHUMBERLAND County",2004,40139
"1153","va","NORTHUMBERLAND County",2006,44183
"1154","va","NORTHUMBERLAND County",2017,53381
"1155","va","NORTHUMBERLAND County",2020,60575
"1156","va","NORTHUMBERLAND County",2021,63255
"1157","va","NORTHUMBERLAND County",2022,67077
"1158","va","RICHMOND County",1999,31630
"1159","va","RICHMOND County",2011,39624
"1160","va","RICHMOND County",2018,49399
"1161","va","RICHMOND County",2019,49758
"1162","va","RICHMOND County",2020,55870
"1163","va","RICHMOND County",2021,53959
"1164","va","RICHMOND County",2022,60180
"1165","va","RICHMOND County",2023,61655
"1166","va","PRINCE GEORGE County",1999,47404
"1167","va","PRINCE GEORGE County",2004,50649
"1168","va","PRINCE GEORGE County",2006,57883
"1169","va","PRINCE GEORGE County",2008,62570
"1170","va","PRINCE GEORGE County",2011,56374
"1171","va","PRINCE GEORGE County",2013,65625
"1172","va","PRINCE GEORGE County",2020,75717
"1173","va","PRINCE GEORGE County",2021,79710
"1174","va","JAMES CITY County",1999,56302
"1175","va","JAMES CITY County",2000,58342
"1176","va","JAMES CITY County",2006,67054
"1177","va","JAMES CITY County",2013,75806
"1178","va","JAMES CITY County",2018,86541
"1179","va","JAMES CITY County",2020,86501
"1180","va","JAMES CITY County",2022,103070
"1181","va","JAMES CITY County",2023,109735
"1182","va","GLOUCESTER County",1999,43523
"1183","va","GLOUCESTER County",2000,46170
"1184","va","GLOUCESTER County",2006,53052
"1185","va","GLOUCESTER County",2022,76960
"1186","va","WAYNESBORO City",1999,32996
"1187","va","WAYNESBORO City",2001,34256
"1188","va","WAYNESBORO City",2004,35455
"1189","va","WAYNESBORO City",2006,38501
"1190","va","WAYNESBORO City",2014,44843
"1191","va","WAYNESBORO City",2015,43500
"1192","va","HARRISONBURG City",1999,30689
"1193","va","HARRISONBURG City",2001,30238
"1194","va","HARRISONBURG City",2004,31565
"1195","va","HARRISONBURG City",2010,37179
"1196","va","HARRISONBURG City",2012,35489
"1197","va","HARRISONBURG City",2013,37588
"1198","va","HARRISONBURG City",2015,39967
"1199","va","HARRISONBURG City",2017,44688
"1200","va","HARRISONBURG City",2018,42640
"1201","va","STAUNTON City",1999,32583
"1202","va","STAUNTON City",2000,34740
"1203","va","STAUNTON City",2001,34578
"1204","va","STAUNTON City",2003,33921
"1205","va","STAUNTON City",2004,35417
"1206","va","STAUNTON City",2006,37797
"1207","va","STAUNTON City",2010,40855
"1208","va","STAUNTON City",2015,43401
"1209","va","STAUNTON City",2017,51551
"1210","va","STAUNTON City",2020,51230
"1211","va","LYNCHBURG City",1999,31550
"1212","va","LYNCHBURG City",2000,33270
"1213","va","LYNCHBURG City",2001,31988
"1214","va","LYNCHBURG City",2010,36397
"1215","va","LYNCHBURG City",2013,39918
"1216","va","LYNCHBURG City",2018,43200
"1217","va","LYNCHBURG City",2019,50612
"1218","va","LYNCHBURG City",2021,52127
"1219","va","LYNCHBURG City",2023,58962
"1220","va","FREDERICKSBURG City",1999,35502
"1221","va","FREDERICKSBURG City",2000,37137
"1222","va","FREDERICKSBURG City",2003,36636
"1223","va","FREDERICKSBURG City",2005,38314
"1224","va","FREDERICKSBURG City",2006,41823
"1225","va","FREDERICKSBURG City",2012,47297
"1226","va","FALLS CHURCH City",1999,72985
"1227","va","FALLS CHURCH City",2003,79421
"1228","va","FALLS CHURCH City",2011,117481
"1229","va","FALLS CHURCH City",2012,121250
"1230","va","MANASSAS City",1999,57851
"1231","va","MANASSAS City",2001,62465
"1232","va","MANASSAS City",2004,62753
"1233","va","MANASSAS City",2006,69060
"1234","va","MANASSAS City",2009,66876
"1235","va","MANASSAS City",2011,65590
"1236","va","MANASSAS City",2020,87804
"1237","va","MANASSAS PARK City",1999,55106
"1238","va","MANASSAS PARK City",2006,68555
"1239","va","FAIRFAX City",1999,65144
"1240","va","FAIRFAX City",2003,67166
"1241","va","FAIRFAX City",2006,79896
"1242","va","FAIRFAX City",2008,93841
"1243","va","FAIRFAX City",2011,87307
"1244","va","BEDFORD City",2000,31350
"1245","va","BEDFORD City",2006,33380
"1246","va","CHARLES CITY County",2000,42355
"1247","va","CHARLES CITY County",2004,44887
"1248","va","CHARLES CITY County",2011,45960
"1249","va","CHARLES CITY County",2013,48394
"1250","va","CHARLES CITY County",2019,56465
"1251","va","CHARLES CITY County",2021,63299
"1252","va","POWHATAN County",2000,55520
"1253","va","POWHATAN County",2004,60864
"1254","va","POWHATAN County",2006,68493
"1255","va","POWHATAN County",2007,71263
"1256","va","POWHATAN County",2008,74825
"1257","va","POWHATAN County",2018,88475
"1258","va","POWHATAN County",2023,100814
"1259","va","HOPEWELL City",2000,34601
"1260","va","HOPEWELL City",2011,36792
"1261","va","HOPEWELL City",2020,41792
"1262","va","HOPEWELL City",2021,47263
"1263","va","LOUISA County",2000,40616
"1264","va","LOUISA County",2003,43127
"1265","va","LOUISA County",2006,48086
"1266","va","LOUISA County",2008,54777
"1267","va","LOUISA County",2020,69907
"1268","va","LOUISA County",2023,79459
"1269","va","ACCOMACK County",2000,29809
"1270","va","ACCOMACK County",2003,30063
"1271","va","ACCOMACK County",2004,31256
"1272","va","ACCOMACK County",2006,37235
"1273","va","ACCOMACK County",2009,36512
"1274","va","ACCOMACK County",2011,37714
"1275","va","ACCOMACK County",2012,36957
"1276","va","ACCOMACK County",2013,38064
"1277","va","ACCOMACK County",2016,39040
"1278","va","ACCOMACK County",2023,56039
"1279","va","BUCKINGHAM County",2001,29530
"1280","va","BUCKINGHAM County",2006,35640
"1281","va","BUCKINGHAM County",2007,36315
"1282","va","BUCKINGHAM County",2008,38576
"1283","va","BUCKINGHAM County",2009,36414
"1284","va","BUCKINGHAM County",2010,37568
"1285","va","BUCKINGHAM County",2012,34415
"1286","va","BUCKINGHAM County",2018,45889
"1287","va","BUCKINGHAM County",2020,49339
"1288","va","BUCKINGHAM County",2021,54263
"1289","va","WINCHESTER City",2001,37110
"1290","va","WINCHESTER City",2002,37782
"1291","va","WINCHESTER City",2003,37276
"1292","va","WINCHESTER City",2004,39142
"1293","va","WINCHESTER City",2012,42305
"1294","va","WINCHESTER City",2017,49588
"1295","va","WINCHESTER City",2022,60557
"1296","va","NORTON City",2001,24640
"1297","va","NORTON City",2003,27135
"1298","va","NORTON City",2009,31247
"1299","va","NORTON City",2016,30587
"1300","va","WISE County",2001,26771
"1301","va","WISE County",2002,27469
"1302","va","WISE County",2003,28737
"1303","va","WISE County",2009,35053
"1304","va","WISE County",2012,35800
"1305","va","WISE County",2016,33810
"1306","va","WISE County",2018,38045
"1307","va","WISE County",2021,41994
"1308","va","WISE County",2022,45220
"1309","va","GRAYSON County",2001,28717
"1310","va","GRAYSON County",2002,29006
"1311","va","GRAYSON County",2003,29386
"1312","va","GRAYSON County",2005,30348
"1313","va","GRAYSON County",2006,32491
"1314","va","GRAYSON County",2009,32813
"1315","va","GRAYSON County",2010,31930
"1316","va","GRAYSON County",2011,31286
"1317","va","GRAYSON County",2013,33302
"1318","va","GRAYSON County",2015,37684
"1319","va","GRAYSON County",2017,37247
"1320","va","GRAYSON County",2018,37550
"1321","va","GRAYSON County",2019,41312
"1322","va","RUSSELL County",2001,27244
"1323","va","RUSSELL County",2002,27958
"1324","va","RUSSELL County",2003,28943
"1325","va","RUSSELL County",2004,29645
"1326","va","RUSSELL County",2005,29865
"1327","va","RUSSELL County",2006,30866
"1328","va","RUSSELL County",2010,34460
"1329","va","RUSSELL County",2018,38966
"1330","va","RUSSELL County",2020,43206
"1331","va","LEE County",2001,23267
"1332","va","LEE County",2002,24030
"1333","va","LEE County",2003,25067
"1334","va","LEE County",2009,29376
"1335","va","LEE County",2012,30606
"1336","va","LEE County",2021,38529
"1337","va","BRISTOL City",2001,29011
"1338","va","BRISTOL City",2003,29112
"1339","va","BRISTOL City",2009,30663
"1340","va","BRISTOL City",2010,33149
"1341","va","LEXINGTON City",2003,31139
"1342","va","LEXINGTON City",2006,36210
"1343","va","LEXINGTON City",2010,41298
"1344","va","LEXINGTON City",2021,53400
"1345","va","CUMBERLAND County",2003,33700
"1346","va","CUMBERLAND County",2004,34492
"1347","va","CUMBERLAND County",2008,40157
"1348","va","CUMBERLAND County",2018,46300
"1349","va","BUENA VISTA City",2004,34982
"1350","va","BUENA VISTA City",2018,43390
"1351","va","PRINCE EDWARD County",2004,30719
"1352","va","PRINCE EDWARD County",2008,37999
"1353","va","PRINCE EDWARD County",2018,48450
"1354","va","PRINCE EDWARD County",2020,47968
"1355","va","PRINCE EDWARD County",2023,55264
"1356","va","GOOCHLAND County",2004,64369
"1357","va","GOOCHLAND County",2022,113617
"1358","va","GALAX City",2009,32313
"1359","va","GALAX City",2010,32061
"1360","va","GALAX City",2011,31740
"1361","va","GALAX City",2013,33737
"1362","va","GALAX City",2018,36571
"1363","va","GALAX City",2019,37229
"1364","va","RADFORD City",2015,35259
"1365","va","RADFORD City",2018,39254
"1366","va","FLUVANNA County",2018,73463
"1367","md","MONTGOMERY County",1997,62130
"1368","md","MONTGOMERY County",1998,65691
"1369","md","MONTGOMERY County",1999,68638
"1370","md","MONTGOMERY County",2000,74652
"1371","md","MONTGOMERY County",2001,75546
"1372","md","MONTGOMERY County",2002,75833
"1373","md","MONTGOMERY County",2003,76669
"1374","md","MONTGOMERY County",2004,76957
"1375","md","MONTGOMERY County",2005,81874
"1376","md","MONTGOMERY County",2006,87019
"1377","md","MONTGOMERY County",2008,93895
"1378","md","MONTGOMERY County",2009,93774
"1379","md","MONTGOMERY County",2010,88559
"1380","md","MONTGOMERY County",2011,92288
"1381","md","MONTGOMERY County",2012,94365
"1382","md","MONTGOMERY County",2013,97873
"1383","md","MONTGOMERY County",2014,97279
"1384","md","MONTGOMERY County",2015,98314
"1385","md","MONTGOMERY County",2016,99604
"1386","md","MONTGOMERY County",2017,102944
"1387","md","MONTGOMERY County",2018,107758
"1388","md","MONTGOMERY County",2019,110012
"1389","md","MONTGOMERY County",2020,115394
"1390","md","MONTGOMERY County",2021,112352
"1391","md","MONTGOMERY County",2022,118020
"1392","md","MONTGOMERY County",2023,125076
"1393","md","PRINCE GEORGE'S County",1997,47882
"1394","md","PRINCE GEORGE'S County",1998,50050
"1395","md","PRINCE GEORGE'S County",1999,50725
"1396","md","PRINCE GEORGE'S County",2000,54176
"1397","md","PRINCE GEORGE'S County",2001,53436
"1398","md","PRINCE GEORGE'S County",2003,53716
"1399","md","PRINCE GEORGE'S County",2004,55129
"1400","md","PRINCE GEORGE'S County",2005,63005
"1401","md","PRINCE GEORGE'S County",2006,65611
"1402","md","PRINCE GEORGE'S County",2008,71696
"1403","md","PRINCE GEORGE'S County",2009,69545
"1404","md","PRINCE GEORGE'S County",2010,69524
"1405","md","PRINCE GEORGE'S County",2011,70114
"1406","md","PRINCE GEORGE'S County",2012,69258
"1407","md","PRINCE GEORGE'S County",2013,71682
"1408","md","PRINCE GEORGE'S County",2014,71904
"1409","md","PRINCE GEORGE'S County",2015,76366
"1410","md","PRINCE GEORGE'S County",2017,80858
"1411","md","PRINCE GEORGE'S County",2018,82445
"1412","md","PRINCE GEORGE'S County",2020,85246
"1413","md","PRINCE GEORGE'S County",2021,89689
"1414","md","PRINCE GEORGE'S County",2022,93833
"1415","md","PRINCE GEORGE'S County",2023,97171
"1416","md","ALLEGANY County",1997,28794
"1417","md","ALLEGANY County",1998,29945
"1418","md","ALLEGANY County",1999,30213
"1419","md","ALLEGANY County",2000,31469
"1420","md","ALLEGANY County",2001,30476
"1421","md","ALLEGANY County",2002,31357
"1422","md","ALLEGANY County",2003,32560
"1423","md","ALLEGANY County",2004,33554
"1424","md","ALLEGANY County",2005,33643
"1425","md","ALLEGANY County",2010,37083
"1426","md","ALLEGANY County",2011,38504
"1427","md","ALLEGANY County",2013,39994
"1428","md","ALLEGANY County",2014,39808
"1429","md","ALLEGANY County",2018,43535
"1430","md","ALLEGANY County",2021,49236
"1431","md","ALLEGANY County",2022,50582
"1432","md","CARROLL County",1997,55906
"1433","md","CARROLL County",1998,58172
"1434","md","CARROLL County",1999,58295
"1435","md","CARROLL County",2000,61723
"1436","md","CARROLL County",2001,61605
"1437","md","CARROLL County",2003,66674
"1438","md","CARROLL County",2004,68815
"1439","md","CARROLL County",2005,74206
"1440","md","CARROLL County",2006,73761
"1441","md","CARROLL County",2008,78348
"1442","md","CARROLL County",2009,78418
"1443","md","CARROLL County",2011,82553
"1444","md","CARROLL County",2012,79304
"1445","md","CARROLL County",2013,82073
"1446","md","CARROLL County",2018,95956
"1447","md","CARROLL County",2021,102006
"1448","md","FREDERICK County",1997,53415
"1449","md","FREDERICK County",1998,55707
"1450","md","FREDERICK County",2000,61887
"1451","md","FREDERICK County",2001,62304
"1452","md","FREDERICK County",2003,66514
"1453","md","FREDERICK County",2004,69005
"1454","md","FREDERICK County",2005,72205
"1455","md","FREDERICK County",2006,73765
"1456","md","FREDERICK County",2008,78437
"1457","md","FREDERICK County",2010,80216
"1458","md","FREDERICK County",2011,77872
"1459","md","FREDERICK County",2012,80427
"1460","md","FREDERICK County",2013,83489
"1461","md","FREDERICK County",2015,83746
"1462","md","FREDERICK County",2018,95196
"1463","md","FREDERICK County",2019,102951
"1464","md","FREDERICK County",2021,104253
"1465","md","WASHINGTON County",1997,37327
"1466","md","WASHINGTON County",1998,39106
"1467","md","WASHINGTON County",2000,41499
"1468","md","WASHINGTON County",2003,43931
"1469","md","WASHINGTON County",2004,45344
"1470","md","WASHINGTON County",2005,47008
"1471","md","WASHINGTON County",2006,51109
"1472","md","WASHINGTON County",2011,52028
"1473","md","WASHINGTON County",2012,52604
"1474","md","WASHINGTON County",2014,54606
"1475","md","WASHINGTON County",2018,62556
"1476","md","WASHINGTON County",2021,65433
"1477","md","WASHINGTON County",2022,69271
"1478","md","QUEEN ANNE'S County",1998,51651
"1479","md","QUEEN ANNE'S County",1999,53877
"1480","md","QUEEN ANNE'S County",2000,57890
"1481","md","QUEEN ANNE'S County",2001,58164
"1482","md","QUEEN ANNE'S County",2002,59854
"1483","md","QUEEN ANNE'S County",2003,61107
"1484","md","QUEEN ANNE'S County",2004,63938
"1485","md","QUEEN ANNE'S County",2006,69970
"1486","md","QUEEN ANNE'S County",2009,75146
"1487","md","QUEEN ANNE'S County",2011,75158
"1488","md","QUEEN ANNE'S County",2012,79012
"1489","md","QUEEN ANNE'S County",2013,80143
"1490","md","QUEEN ANNE'S County",2014,80650
"1491","md","QUEEN ANNE'S County",2015,83914
"1492","md","QUEEN ANNE'S County",2016,79966
"1493","md","QUEEN ANNE'S County",2018,93751
"1494","md","QUEEN ANNE'S County",2019,101350
"1495","md","QUEEN ANNE'S County",2020,93427
"1496","md","QUEEN ANNE'S County",2021,94583
"1497","md","CHARLES County",1998,55584
"1498","md","CHARLES County",1999,57408
"1499","md","CHARLES County",2001,61689
"1500","md","CHARLES County",2004,68938
"1501","md","CHARLES County",2006,78347
"1502","md","CHARLES County",2009,85899
"1503","md","CHARLES County",2011,88575
"1504","md","CHARLES County",2013,87577
"1505","md","CHARLES County",2014,86703
"1506","md","CHARLES County",2015,87941
"1507","md","CHARLES County",2017,94478
"1508","md","CHARLES County",2018,92616
"1509","md","CHARLES County",2019,102510
"1510","md","CHARLES County",2020,102681
"1511","md","CHARLES County",2021,103918
"1512","md","CALVERT County",1998,60054
"1513","md","CALVERT County",1999,62303
"1514","md","CALVERT County",2000,66487
"1515","md","CALVERT County",2004,74599
"1516","md","CALVERT County",2006,83219
"1517","md","CALVERT County",2009,86281
"1518","md","CALVERT County",2010,86536
"1519","md","CALVERT County",2011,88406
"1520","md","CALVERT County",2012,87215
"1521","md","CALVERT County",2013,91993
"1522","md","CALVERT County",2016,97188
"1523","md","CALVERT County",2017,100000
"1524","md","CALVERT County",2021,117459
"1525","md","GARRETT County",1998,30771
"1526","md","GARRETT County",2000,33203
"1527","md","GARRETT County",2001,32798
"1528","md","GARRETT County",2002,33499
"1529","md","GARRETT County",2003,34648
"1530","md","GARRETT County",2004,36100
"1531","md","GARRETT County",2005,39061
"1532","md","GARRETT County",2006,39616
"1533","md","GARRETT County",2012,41515
"1534","md","GARRETT County",2018,49147
"1535","md","GARRETT County",2019,59253
"1536","md","ST. MARY'S County",1998,51263
"1537","md","ST. MARY'S County",1999,52748
"1538","md","ST. MARY'S County",2000,55615
"1539","md","ST. MARY'S County",2002,57028
"1540","md","ST. MARY'S County",2003,58742
"1541","md","ST. MARY'S County",2004,61269
"1542","md","ST. MARY'S County",2005,62739
"1543","md","ST. MARY'S County",2009,71316
"1544","md","ST. MARY'S County",2010,81559
"1545","md","ST. MARY'S County",2011,80943
"1546","md","ST. MARY'S County",2012,85478
"1547","md","ST. MARY'S County",2013,78274
"1548","md","ST. MARY'S County",2014,84686
"1549","md","ST. MARY'S County",2016,80049
"1550","md","ST. MARY'S County",2017,82433
"1551","md","ST. MARY'S County",2018,89964
"1552","md","ST. MARY'S County",2019,89123
"1553","md","ST. MARY'S County",2020,105197
"1554","md","ST. MARY'S County",2021,106539
"1555","md","ST. MARY'S County",2022,112154
"1556","md","HARFORD County",1998,54852
"1557","md","HARFORD County",1999,55421
"1558","md","HARFORD County",2000,59083
"1559","md","HARFORD County",2001,59318
"1560","md","HARFORD County",2003,62000
"1561","md","HARFORD County",2004,64025
"1562","md","HARFORD County",2006,69253
"1563","md","HARFORD County",2008,76620
"1564","md","HARFORD County",2009,75364
"1565","md","HARFORD County",2010,71848
"1566","md","HARFORD County",2011,77095
"1567","md","HARFORD County",2013,77453
"1568","md","HARFORD County",2014,79403
"1569","md","HARFORD County",2015,77992
"1570","md","HARFORD County",2017,80922
"1571","md","HARFORD County",2018,87959
"1572","md","HARFORD County",2019,91492
"1573","md","HARFORD County",2020,102537
"1574","md","HARFORD County",2021,95951
"1575","md","HARFORD County",2022,100334
"1576","md","HARFORD County",2023,104553
"1577","md","ANNE ARUNDEL County",1998,57408
"1578","md","ANNE ARUNDEL County",1999,57922
"1579","md","ANNE ARUNDEL County",2000,61233
"1580","md","ANNE ARUNDEL County",2001,61792
"1581","md","ANNE ARUNDEL County",2002,63160
"1582","md","ANNE ARUNDEL County",2003,64362
"1583","md","ANNE ARUNDEL County",2004,66087
"1584","md","ANNE ARUNDEL County",2005,71609
"1585","md","ANNE ARUNDEL County",2006,78389
"1586","md","ANNE ARUNDEL County",2009,79843
"1587","md","ANNE ARUNDEL County",2010,80908
"1588","md","ANNE ARUNDEL County",2011,82980
"1589","md","ANNE ARUNDEL County",2012,87083
"1590","md","ANNE ARUNDEL County",2013,85685
"1591","md","ANNE ARUNDEL County",2014,86654
"1592","md","ANNE ARUNDEL County",2015,90825
"1593","md","ANNE ARUNDEL County",2017,96133
"1594","md","ANNE ARUNDEL County",2018,97051
"1595","md","ANNE ARUNDEL County",2020,105979
"1596","md","ANNE ARUNDEL County",2022,112525
"1597","md","HOWARD County",1999,72548
"1598","md","HOWARD County",2001,78189
"1599","md","HOWARD County",2003,79607
"1600","md","HOWARD County",2004,80904
"1601","md","HOWARD County",2005,90311
"1602","md","HOWARD County",2006,93349
"1603","md","HOWARD County",2008,101867
"1604","md","HOWARD County",2010,100992
"1605","md","HOWARD County",2011,99040
"1606","md","HOWARD County",2013,108503
"1607","md","HOWARD County",2014,106871
"1608","md","HOWARD County",2015,110224
"1609","md","HOWARD County",2016,119386
"1610","md","HOWARD County",2017,111576
"1611","md","HOWARD County",2018,116719
"1612","md","HOWARD County",2019,121329
"1613","md","HOWARD County",2020,124042
"1614","md","HOWARD County",2022,133068
"1615","md","BALTIMORE County",1999,47172
"1616","md","BALTIMORE County",2000,48733
"1617","md","BALTIMORE County",2003,50256
"1618","md","BALTIMORE County",2004,52308
"1619","md","BALTIMORE County",2005,56256
"1620","md","BALTIMORE County",2006,59864
"1621","md","BALTIMORE County",2008,63078
"1622","md","BALTIMORE County",2009,64629
"1623","md","BALTIMORE County",2010,62300
"1624","md","BALTIMORE County",2011,62309
"1625","md","BALTIMORE County",2012,62413
"1626","md","BALTIMORE County",2013,64624
"1627","md","BALTIMORE County",2014,67766
"1628","md","BALTIMORE County",2015,68317
"1629","md","BALTIMORE County",2016,72305
"1630","md","BALTIMORE County",2017,73309
"1631","md","BALTIMORE County",2018,75836
"1632","md","BALTIMORE County",2019,76972
"1633","md","BALTIMORE County",2020,79974
"1634","md","BALTIMORE County",2021,80159
"1635","md","BALTIMORE County",2022,86198
"1636","md","BALTIMORE County",2023,86807
"1637","md","BALTIMORE CITY",1999,28581
"1638","md","BALTIMORE CITY",2000,29460
"1639","md","BALTIMORE CITY",2003,29162
"1640","md","BALTIMORE CITY",2004,29792
"1641","md","BALTIMORE CITY",2006,35834
"1642","md","BALTIMORE CITY",2008,40087
"1643","md","BALTIMORE CITY",2011,38478
"1644","md","BALTIMORE CITY",2012,39077
"1645","md","BALTIMORE CITY",2013,41988
"1646","md","BALTIMORE CITY",2014,41895
"1647","md","BALTIMORE CITY",2015,43192
"1648","md","BALTIMORE CITY",2016,46604
"1649","md","BALTIMORE CITY",2017,46762
"1650","md","BALTIMORE CITY",2018,50501
"1651","md","BALTIMORE CITY",2019,49780
"1652","md","BALTIMORE CITY",2022,54735
"1653","md","BALTIMORE CITY",2023,58616
"1654","md","CAROLINE County",1999,36158
"1655","md","CAROLINE County",2000,38603
"1656","md","CAROLINE County",2001,37926
"1657","md","CAROLINE County",2006,45743
"1658","md","CAROLINE County",2007,48387
"1659","md","CAROLINE County",2009,49050
"1660","md","CAROLINE County",2011,50809
"1661","md","CAROLINE County",2012,48772
"1662","md","CAROLINE County",2013,46015
"1663","md","CAROLINE County",2016,49616
"1664","md","CAROLINE County",2018,56627
"1665","md","CECIL County",1999,47997
"1666","md","CECIL County",2000,50628
"1667","md","CECIL County",2001,50177
"1668","md","CECIL County",2003,52858
"1669","md","CECIL County",2004,55088
"1670","md","CECIL County",2005,58300
"1671","md","CECIL County",2006,56983
"1672","md","CECIL County",2007,62489
"1673","md","CECIL County",2009,60543
"1674","md","CECIL County",2011,61191
"1675","md","CECIL County",2013,64880
"1676","md","CECIL County",2015,68972
"1677","md","CECIL County",2017,72259
"1678","md","CECIL County",2018,72739
"1679","md","CECIL County",2020,84248
"1680","md","CECIL County",2021,76727
"1681","md","CECIL County",2022,84513
"1682","md","KENT County",1999,38238
"1683","md","KENT County",2000,40411
"1684","md","KENT County",2001,39698
"1685","md","KENT County",2003,41707
"1686","md","KENT County",2004,42883
"1687","md","KENT County",2005,43724
"1688","md","KENT County",2006,46525
"1689","md","KENT County",2009,50585
"1690","md","KENT County",2011,49795
"1691","md","KENT County",2013,55695
"1692","md","KENT County",2014,53288
"1693","md","KENT County",2018,55514
"1694","md","KENT County",2020,64437
"1695","md","KENT County",2021,66183
"1696","md","TALBOT County",1999,42944
"1697","md","TALBOT County",2000,45162
"1698","md","TALBOT County",2001,45247
"1699","md","TALBOT County",2004,49603
"1700","md","TALBOT County",2006,54471
"1701","md","TALBOT County",2007,56512
"1702","md","TALBOT County",2009,59633
"1703","md","TALBOT County",2011,55145
"1704","md","TALBOT County",2012,61529
"1705","md","TALBOT County",2013,57525
"1706","md","TALBOT County",2014,54836
"1707","md","TALBOT County",2016,62264
"1708","md","TALBOT County",2018,64245
"1709","md","TALBOT County",2020,69311
"1710","md","TALBOT County",2022,76583
"1711","md","WORCESTER County",2000,40323
"1712","md","WORCESTER County",2002,40565
"1713","md","WORCESTER County",2004,43600
"1714","md","WORCESTER County",2006,47856
"1715","md","WORCESTER County",2009,47829
"1716","md","WORCESTER County",2013,52276
"1717","md","WORCESTER County",2016,53509
"1718","md","WORCESTER County",2018,59266
"1719","md","WORCESTER County",2020,62481
"1720","md","WORCESTER County",2023,75459
"1721","md","WICOMICO County",2000,38665
"1722","md","WICOMICO County",2002,38261
"1723","md","WICOMICO County",2004,41185
"1724","md","WICOMICO County",2006,46102
"1725","md","WICOMICO County",2007,49981
"1726","md","WICOMICO County",2009,46404
"1727","md","WICOMICO County",2016,50015
"1728","md","WICOMICO County",2017,52341
"1729","md","WICOMICO County",2018,54313
"1730","md","WICOMICO County",2021,61848
"1731","md","WICOMICO County",2022,68851
"1732","md","WICOMICO County",2023,70975
"1733","md","DORCHESTER County",2000,33944
"1734","md","DORCHESTER County",2003,34689
"1735","md","DORCHESTER County",2004,36358
"1736","md","DORCHESTER County",2006,39106
"1737","md","DORCHESTER County",2011,41936
"1738","md","DORCHESTER County",2013,42542
"1739","md","DORCHESTER County",2018,48682
"1740","md","DORCHESTER County",2023,63087
"1741","md","SOMERSET County",2006,34822
"1742","md","SOMERSET County",2016,38546
"1743","md","SOMERSET County",2018,42098
"1744","md","SOMERSET County",2020,51787
"1745","dc","DC",1997,34980
"1746","dc","DC",1998,36442
"1747","dc","DC",1999,38654
"1748","dc","DC",2001,41112
"1749","dc","DC",2003,43215
"1750","dc","DC",2004,46211
"1751","dc","DC",2005,48078
"1752","dc","DC",2006,51746
"1753","dc","DC",2008,58553
"1754","dc","DC",2009,58906
"1755","dc","DC",2010,60729
"1756","dc","DC",2011,62087
"1757","dc","DC",2012,65231
"1758","dc","DC",2013,66326
"1759","dc","DC",2014,69992
"1760","dc","DC",2015,73115
"1761","dc","DC",2016,74093
"1762","dc","DC",2017,80153
"1763","dc","DC",2018,82533
"1764","dc","DC",2019,90395
"1765","dc","DC",2020,91957
"1766","dc","DC",2021,91072
"1767","dc","DC",2022,99897
"1768","dc","DC",2023,104643
